reranker_margin_threshold,base_margin_threshold,minimum_base_score,minimum_selected_margin,n,coverage,overall_accuracy,selective_accuracy,abstention_rate,reranker_selection_rate,hybrid_selection_rate,agreement_rate
0.0,0.02,0.0,0.0,252,1.0,0.25,0.25,0.0,0.18253968253968253,0.3888888888888889,0.42857142857142855
0.0,0.02,0.0,0.02,252,1.0,0.25,0.25,0.0,0.18253968253968253,0.3888888888888889,0.42857142857142855
0.0,0.02,0.0,0.05,252,1.0,0.25,0.25,0.0,0.18253968253968253,0.3888888888888889,0.42857142857142855
0.0,0.02,0.0,0.1,252,1.0,0.25,0.25,0.0,0.18253968253968253,0.3888888888888889,0.42857142857142855
0.0,0.02,0.9,0.0,252,1.0,0.25,0.25,0.0,0.18253968253968253,0.3888888888888889,0.42857142857142855
0.0,0.02,0.9,0.02,252,0.9801587301587301,0.25,0.2550607287449393,0.019841269841269882,0.18253968253968253,0.3888888888888889,0.42857142857142855
0.0,0.02,0.9,0.05,252,0.9603174603174603,0.25,0.2603305785123967,0.03968253968253965,0.18253968253968253,0.3888888888888889,0.42857142857142855
0.0,0.02,0.9,0.1,252,0.9444444444444444,0.25,0.2647058823529412,0.05555555555555558,0.18253968253968253,0.3888888888888889,0.42857142857142855
0.0,0.02,0.925,0.0,252,1.0,0.25,0.25,0.0,0.18253968253968253,0.3888888888888889,0.42857142857142855
0.0,0.02,0.925,0.02,252,0.9444444444444444,0.25,0.2647058823529412,0.05555555555555558,0.18253968253968253,0.3888888888888889,0.42857142857142855
0.0,0.02,0.925,0.05,252,0.8809523809523809,0.25,0.28378378378378377,0.11904761904761907,0.18253968253968253,0.3888888888888889,0.42857142857142855
0.0,0.02,0.925,0.1,252,0.7976190476190477,0.25,0.31343283582089554,0.20238095238095233,0.18253968253968253,0.3888888888888889,0.42857142857142855
0.0,0.02,0.95,0.0,252,1.0,0.25,0.25,0.0,0.18253968253968253,0.3888888888888889,0.42857142857142855
0.0,0.02,0.95,0.02,252,0.9126984126984127,0.25,0.27391304347826084,0.08730158730158732,0.18253968253968253,0.3888888888888889,0.42857142857142855
0.0,0.02,0.95,0.05,252,0.7817460317460317,0.24603174603174602,0.3147208121827411,0.21825396825396826,0.18253968253968253,0.3888888888888889,0.42857142857142855
0.0,0.02,0.95,0.1,252,0.6388888888888888,0.24206349206349206,0.37888198757763975,0.36111111111111116,0.18253968253968253,0.3888888888888889,0.42857142857142855
0.0,0.04,0.0,0.0,252,1.0,0.25793650793650796,0.25793650793650796,0.0,0.2777777777777778,0.29365079365079366,0.42857142857142855
0.0,0.04,0.0,0.02,252,1.0,0.25793650793650796,0.25793650793650796,0.0,0.2777777777777778,0.29365079365079366,0.42857142857142855
0.0,0.04,0.0,0.05,252,1.0,0.25793650793650796,0.25793650793650796,0.0,0.2777777777777778,0.29365079365079366,0.42857142857142855
0.0,0.04,0.0,0.1,252,1.0,0.25793650793650796,0.25793650793650796,0.0,0.2777777777777778,0.29365079365079366,0.42857142857142855
0.0,0.04,0.9,0.0,252,1.0,0.25793650793650796,0.25793650793650796,0.0,0.2777777777777778,0.29365079365079366,0.42857142857142855
0.0,0.04,0.9,0.02,252,0.9801587301587301,0.25793650793650796,0.2631578947368421,0.019841269841269882,0.2777777777777778,0.29365079365079366,0.42857142857142855
0.0,0.04,0.9,0.05,252,0.9682539682539683,0.25793650793650796,0.26639344262295084,0.031746031746031744,0.2777777777777778,0.29365079365079366,0.42857142857142855
0.0,0.04,0.9,0.1,252,0.9523809523809523,0.25793650793650796,0.2708333333333333,0.04761904761904767,0.2777777777777778,0.29365079365079366,0.42857142857142855
0.0,0.04,0.925,0.0,252,1.0,0.25793650793650796,0.25793650793650796,0.0,0.2777777777777778,0.29365079365079366,0.42857142857142855
0.0,0.04,0.925,0.02,252,0.9285714285714286,0.25793650793650796,0.2777777777777778,0.0714285714285714,0.2777777777777778,0.29365079365079366,0.42857142857142855
0.0,0.04,0.925,0.05,252,0.9007936507936508,0.25793650793650796,0.28634361233480177,0.09920634920634919,0.2777777777777778,0.29365079365079366,0.42857142857142855
0.0,0.04,0.925,0.1,252,0.8174603174603174,0.25793650793650796,0.3155339805825243,0.18253968253968256,0.2777777777777778,0.29365079365079366,0.42857142857142855
0.0,0.04,0.95,0.0,252,1.0,0.25793650793650796,0.25793650793650796,0.0,0.2777777777777778,0.29365079365079366,0.42857142857142855
0.0,0.04,0.95,0.02,252,0.8888888888888888,0.25396825396825395,0.2857142857142857,0.11111111111111116,0.2777777777777778,0.29365079365079366,0.42857142857142855
0.0,0.04,0.95,0.05,252,0.8174603174603174,0.25,0.3058252427184466,0.18253968253968256,0.2777777777777778,0.29365079365079366,0.42857142857142855
0.0,0.04,0.95,0.1,252,0.6746031746031746,0.24603174603174602,0.36470588235294116,0.32539682539682535,0.2777777777777778,0.29365079365079366,0.42857142857142855
0.0,0.06,0.0,0.0,252,1.0,0.25793650793650796,0.25793650793650796,0.0,0.376984126984127,0.19444444444444445,0.42857142857142855
0.0,0.06,0.0,0.02,252,1.0,0.25793650793650796,0.25793650793650796,0.0,0.376984126984127,0.19444444444444445,0.42857142857142855
0.0,0.06,0.0,0.05,252,1.0,0.25793650793650796,0.25793650793650796,0.0,0.376984126984127,0.19444444444444445,0.42857142857142855
0.0,0.06,0.0,0.1,252,1.0,0.25793650793650796,0.25793650793650796,0.0,0.376984126984127,0.19444444444444445,0.42857142857142855
0.0,0.06,0.9,0.0,252,1.0,0.25793650793650796,0.25793650793650796,0.0,0.376984126984127,0.19444444444444445,0.42857142857142855
0.0,0.06,0.9,0.02,252,0.9801587301587301,0.25793650793650796,0.2631578947368421,0.019841269841269882,0.376984126984127,0.19444444444444445,0.42857142857142855
0.0,0.06,0.9,0.05,252,0.9682539682539683,0.25793650793650796,0.26639344262295084,0.031746031746031744,0.376984126984127,0.19444444444444445,0.42857142857142855
0.0,0.06,0.9,0.1,252,0.9523809523809523,0.25793650793650796,0.2708333333333333,0.04761904761904767,0.376984126984127,0.19444444444444445,0.42857142857142855
0.0,0.06,0.925,0.0,252,1.0,0.25793650793650796,0.25793650793650796,0.0,0.376984126984127,0.19444444444444445,0.42857142857142855
0.0,0.06,0.925,0.02,252,0.9246031746031746,0.25793650793650796,0.27896995708154504,0.07539682539682535,0.376984126984127,0.19444444444444445,0.42857142857142855
0.0,0.06,0.925,0.05,252,0.9047619047619048,0.25793650793650796,0.2850877192982456,0.09523809523809523,0.376984126984127,0.19444444444444445,0.42857142857142855
0.0,0.06,0.925,0.1,252,0.8333333333333334,0.25793650793650796,0.30952380952380953,0.16666666666666663,0.376984126984127,0.19444444444444445,0.42857142857142855
0.0,0.06,0.95,0.0,252,1.0,0.25793650793650796,0.25793650793650796,0.0,0.376984126984127,0.19444444444444445,0.42857142857142855
0.0,0.06,0.95,0.02,252,0.876984126984127,0.25,0.2850678733031674,0.12301587301587302,0.376984126984127,0.19444444444444445,0.42857142857142855
0.0,0.06,0.95,0.05,252,0.8214285714285714,0.24603174603174602,0.2995169082125604,0.1785714285714286,0.376984126984127,0.19444444444444445,0.42857142857142855
0.0,0.06,0.95,0.1,252,0.7063492063492064,0.24206349206349206,0.34269662921348315,0.2936507936507936,0.376984126984127,0.19444444444444445,0.42857142857142855
0.0,0.08,0.0,0.0,252,1.0,0.26587301587301587,0.26587301587301587,0.0,0.42857142857142855,0.14285714285714285,0.42857142857142855
0.0,0.08,0.0,0.02,252,1.0,0.26587301587301587,0.26587301587301587,0.0,0.42857142857142855,0.14285714285714285,0.42857142857142855
0.0,0.08,0.0,0.05,252,1.0,0.26587301587301587,0.26587301587301587,0.0,0.42857142857142855,0.14285714285714285,0.42857142857142855
0.0,0.08,0.0,0.1,252,1.0,0.26587301587301587,0.26587301587301587,0.0,0.42857142857142855,0.14285714285714285,0.42857142857142855
0.0,0.08,0.9,0.0,252,1.0,0.26587301587301587,0.26587301587301587,0.0,0.42857142857142855,0.14285714285714285,0.42857142857142855
0.0,0.08,0.9,0.02,252,0.9801587301587301,0.26587301587301587,0.27125506072874495,0.019841269841269882,0.42857142857142855,0.14285714285714285,0.42857142857142855
0.0,0.08,0.9,0.05,252,0.9682539682539683,0.26587301587301587,0.27459016393442626,0.031746031746031744,0.42857142857142855,0.14285714285714285,0.42857142857142855
0.0,0.08,0.9,0.1,252,0.9603174603174603,0.26587301587301587,0.2768595041322314,0.03968253968253965,0.42857142857142855,0.14285714285714285,0.42857142857142855
0.0,0.08,0.925,0.0,252,1.0,0.26587301587301587,0.26587301587301587,0.0,0.42857142857142855,0.14285714285714285,0.42857142857142855
0.0,0.08,0.925,0.02,252,0.9206349206349206,0.26587301587301587,0.28879310344827586,0.07936507936507942,0.42857142857142855,0.14285714285714285,0.42857142857142855
0.0,0.08,0.925,0.05,252,0.9007936507936508,0.26587301587301587,0.29515418502202645,0.09920634920634919,0.42857142857142855,0.14285714285714285,0.42857142857142855
0.0,0.08,0.925,0.1,252,0.8531746031746031,0.26587301587301587,0.3116279069767442,0.14682539682539686,0.42857142857142855,0.14285714285714285,0.42857142857142855
0.0,0.08,0.95,0.0,252,1.0,0.26587301587301587,0.26587301587301587,0.0,0.42857142857142855,0.14285714285714285,0.42857142857142855
0.0,0.08,0.95,0.02,252,0.8650793650793651,0.25793650793650796,0.2981651376146789,0.13492063492063489,0.42857142857142855,0.14285714285714285,0.42857142857142855
0.0,0.08,0.95,0.05,252,0.8095238095238095,0.25396825396825395,0.3137254901960784,0.19047619047619047,0.42857142857142855,0.14285714285714285,0.42857142857142855
0.0,0.08,0.95,0.1,252,0.7301587301587301,0.25,0.3423913043478261,0.2698412698412699,0.42857142857142855,0.14285714285714285,0.42857142857142855
0.0,0.1,0.0,0.0,252,1.0,0.26587301587301587,0.26587301587301587,0.0,0.5,0.07142857142857142,0.42857142857142855
0.0,0.1,0.0,0.02,252,1.0,0.26587301587301587,0.26587301587301587,0.0,0.5,0.07142857142857142,0.42857142857142855
0.0,0.1,0.0,0.05,252,1.0,0.26587301587301587,0.26587301587301587,0.0,0.5,0.07142857142857142,0.42857142857142855
0.0,0.1,0.0,0.1,252,1.0,0.26587301587301587,0.26587301587301587,0.0,0.5,0.07142857142857142,0.42857142857142855
0.0,0.1,0.9,0.0,252,1.0,0.26587301587301587,0.26587301587301587,0.0,0.5,0.07142857142857142,0.42857142857142855
0.0,0.1,0.9,0.02,252,0.9801587301587301,0.26587301587301587,0.27125506072874495,0.019841269841269882,0.5,0.07142857142857142,0.42857142857142855
0.0,0.1,0.9,0.05,252,0.9682539682539683,0.26587301587301587,0.27459016393442626,0.031746031746031744,0.5,0.07142857142857142,0.42857142857142855
0.0,0.1,0.9,0.1,252,0.9642857142857143,0.26587301587301587,0.2757201646090535,0.0357142857142857,0.5,0.07142857142857142,0.42857142857142855
0.0,0.1,0.925,0.0,252,1.0,0.26587301587301587,0.26587301587301587,0.0,0.5,0.07142857142857142,0.42857142857142855
0.0,0.1,0.925,0.02,252,0.8968253968253969,0.26587301587301587,0.29646017699115046,0.10317460317460314,0.5,0.07142857142857142,0.42857142857142855
0.0,0.1,0.925,0.05,252,0.876984126984127,0.26587301587301587,0.3031674208144796,0.12301587301587302,0.5,0.07142857142857142,0.42857142857142855
0.0,0.1,0.925,0.1,252,0.8690476190476191,0.26587301587301587,0.3059360730593607,0.13095238095238093,0.5,0.07142857142857142,0.42857142857142855
0.0,0.1,0.95,0.0,252,1.0,0.26587301587301587,0.26587301587301587,0.0,0.5,0.07142857142857142,0.42857142857142855
0.0,0.1,0.95,0.02,252,0.8412698412698413,0.25793650793650796,0.30660377358490565,0.15873015873015872,0.5,0.07142857142857142,0.42857142857142855
0.0,0.1,0.95,0.05,252,0.7857142857142857,0.25396825396825395,0.32323232323232326,0.2142857142857143,0.5,0.07142857142857142,0.42857142857142855
0.0,0.1,0.95,0.1,252,0.75,0.25,0.3333333333333333,0.25,0.5,0.07142857142857142,0.42857142857142855
0.0,0.15,0.0,0.0,252,1.0,0.27380952380952384,0.27380952380952384,0.0,0.5436507936507936,0.027777777777777776,0.42857142857142855
0.0,0.15,0.0,0.02,252,1.0,0.27380952380952384,0.27380952380952384,0.0,0.5436507936507936,0.027777777777777776,0.42857142857142855
0.0,0.15,0.0,0.05,252,1.0,0.27380952380952384,0.27380952380952384,0.0,0.5436507936507936,0.027777777777777776,0.42857142857142855
0.0,0.15,0.0,0.1,252,1.0,0.27380952380952384,0.27380952380952384,0.0,0.5436507936507936,0.027777777777777776,0.42857142857142855
0.0,0.15,0.9,0.0,252,1.0,0.27380952380952384,0.27380952380952384,0.0,0.5436507936507936,0.027777777777777776,0.42857142857142855
0.0,0.15,0.9,0.02,252,0.9801587301587301,0.27380952380952384,0.2793522267206478,0.019841269841269882,0.5436507936507936,0.027777777777777776,0.42857142857142855
0.0,0.15,0.9,0.05,252,0.9682539682539683,0.27380952380952384,0.2827868852459016,0.031746031746031744,0.5436507936507936,0.027777777777777776,0.42857142857142855
0.0,0.15,0.9,0.1,252,0.9642857142857143,0.27380952380952384,0.2839506172839506,0.0357142857142857,0.5436507936507936,0.027777777777777776,0.42857142857142855
0.0,0.15,0.925,0.0,252,1.0,0.27380952380952384,0.27380952380952384,0.0,0.5436507936507936,0.027777777777777776,0.42857142857142855
0.0,0.15,0.925,0.02,252,0.8968253968253969,0.27380952380952384,0.3053097345132743,0.10317460317460314,0.5436507936507936,0.027777777777777776,0.42857142857142855
0.0,0.15,0.925,0.05,252,0.876984126984127,0.27380952380952384,0.31221719457013575,0.12301587301587302,0.5436507936507936,0.027777777777777776,0.42857142857142855
0.0,0.15,0.925,0.1,252,0.8690476190476191,0.27380952380952384,0.3150684931506849,0.13095238095238093,0.5436507936507936,0.027777777777777776,0.42857142857142855
0.0,0.15,0.95,0.0,252,1.0,0.27380952380952384,0.27380952380952384,0.0,0.5436507936507936,0.027777777777777776,0.42857142857142855
0.0,0.15,0.95,0.02,252,0.8412698412698413,0.26587301587301587,0.3160377358490566,0.15873015873015872,0.5436507936507936,0.027777777777777776,0.42857142857142855
0.0,0.15,0.95,0.05,252,0.7857142857142857,0.2619047619047619,0.3333333333333333,0.2142857142857143,0.5436507936507936,0.027777777777777776,0.42857142857142855
0.0,0.15,0.95,0.1,252,0.75,0.25793650793650796,0.3439153439153439,0.25,0.5436507936507936,0.027777777777777776,0.42857142857142855
0.0,0.25,0.0,0.0,252,1.0,0.2698412698412698,0.2698412698412698,0.0,0.5674603174603174,0.003968253968253968,0.42857142857142855
0.0,0.25,0.0,0.02,252,1.0,0.2698412698412698,0.2698412698412698,0.0,0.5674603174603174,0.003968253968253968,0.42857142857142855
0.0,0.25,0.0,0.05,252,1.0,0.2698412698412698,0.2698412698412698,0.0,0.5674603174603174,0.003968253968253968,0.42857142857142855
0.0,0.25,0.0,0.1,252,1.0,0.2698412698412698,0.2698412698412698,0.0,0.5674603174603174,0.003968253968253968,0.42857142857142855
0.0,0.25,0.9,0.0,252,1.0,0.2698412698412698,0.2698412698412698,0.0,0.5674603174603174,0.003968253968253968,0.42857142857142855
0.0,0.25,0.9,0.02,252,0.9801587301587301,0.2698412698412698,0.27530364372469635,0.019841269841269882,0.5674603174603174,0.003968253968253968,0.42857142857142855
0.0,0.25,0.9,0.05,252,0.9682539682539683,0.2698412698412698,0.2786885245901639,0.031746031746031744,0.5674603174603174,0.003968253968253968,0.42857142857142855
0.0,0.25,0.9,0.1,252,0.9642857142857143,0.2698412698412698,0.27983539094650206,0.0357142857142857,0.5674603174603174,0.003968253968253968,0.42857142857142855
0.0,0.25,0.925,0.0,252,1.0,0.2698412698412698,0.2698412698412698,0.0,0.5674603174603174,0.003968253968253968,0.42857142857142855
0.0,0.25,0.925,0.02,252,0.8968253968253969,0.2698412698412698,0.3008849557522124,0.10317460317460314,0.5674603174603174,0.003968253968253968,0.42857142857142855
0.0,0.25,0.925,0.05,252,0.876984126984127,0.2698412698412698,0.3076923076923077,0.12301587301587302,0.5674603174603174,0.003968253968253968,0.42857142857142855
0.0,0.25,0.925,0.1,252,0.8690476190476191,0.2698412698412698,0.3105022831050228,0.13095238095238093,0.5674603174603174,0.003968253968253968,0.42857142857142855
0.0,0.25,0.95,0.0,252,1.0,0.2698412698412698,0.2698412698412698,0.0,0.5674603174603174,0.003968253968253968,0.42857142857142855
0.0,0.25,0.95,0.02,252,0.8412698412698413,0.2619047619047619,0.3113207547169811,0.15873015873015872,0.5674603174603174,0.003968253968253968,0.42857142857142855
0.0,0.25,0.95,0.05,252,0.7857142857142857,0.25793650793650796,0.3282828282828283,0.2142857142857143,0.5674603174603174,0.003968253968253968,0.42857142857142855
0.0,0.25,0.95,0.1,252,0.75,0.25396825396825395,0.3386243386243386,0.25,0.5674603174603174,0.003968253968253968,0.42857142857142855
0.0,1.0,0.0,0.0,252,1.0,0.26587301587301587,0.26587301587301587,0.0,0.5714285714285714,0.0,0.42857142857142855
0.0,1.0,0.0,0.02,252,1.0,0.26587301587301587,0.26587301587301587,0.0,0.5714285714285714,0.0,0.42857142857142855
0.0,1.0,0.0,0.05,252,1.0,0.26587301587301587,0.26587301587301587,0.0,0.5714285714285714,0.0,0.42857142857142855
0.0,1.0,0.0,0.1,252,1.0,0.26587301587301587,0.26587301587301587,0.0,0.5714285714285714,0.0,0.42857142857142855
0.0,1.0,0.9,0.0,252,1.0,0.26587301587301587,0.26587301587301587,0.0,0.5714285714285714,0.0,0.42857142857142855
0.0,1.0,0.9,0.02,252,0.9801587301587301,0.26587301587301587,0.27125506072874495,0.019841269841269882,0.5714285714285714,0.0,0.42857142857142855
0.0,1.0,0.9,0.05,252,0.9682539682539683,0.26587301587301587,0.27459016393442626,0.031746031746031744,0.5714285714285714,0.0,0.42857142857142855
0.0,1.0,0.9,0.1,252,0.9642857142857143,0.26587301587301587,0.2757201646090535,0.0357142857142857,0.5714285714285714,0.0,0.42857142857142855
0.0,1.0,0.925,0.0,252,1.0,0.26587301587301587,0.26587301587301587,0.0,0.5714285714285714,0.0,0.42857142857142855
0.0,1.0,0.925,0.02,252,0.8968253968253969,0.26587301587301587,0.29646017699115046,0.10317460317460314,0.5714285714285714,0.0,0.42857142857142855
0.0,1.0,0.925,0.05,252,0.876984126984127,0.26587301587301587,0.3031674208144796,0.12301587301587302,0.5714285714285714,0.0,0.42857142857142855
0.0,1.0,0.925,0.1,252,0.8690476190476191,0.26587301587301587,0.3059360730593607,0.13095238095238093,0.5714285714285714,0.0,0.42857142857142855
0.0,1.0,0.95,0.0,252,1.0,0.26587301587301587,0.26587301587301587,0.0,0.5714285714285714,0.0,0.42857142857142855
0.0,1.0,0.95,0.02,252,0.8412698412698413,0.25793650793650796,0.30660377358490565,0.15873015873015872,0.5714285714285714,0.0,0.42857142857142855
0.0,1.0,0.95,0.05,252,0.7857142857142857,0.25396825396825395,0.32323232323232326,0.2142857142857143,0.5714285714285714,0.0,0.42857142857142855
0.0,1.0,0.95,0.1,252,0.75,0.25,0.3333333333333333,0.25,0.5714285714285714,0.0,0.42857142857142855
0.25,0.02,0.0,0.0,252,1.0,0.25793650793650796,0.25793650793650796,0.0,0.05952380952380952,0.5119047619047619,0.42857142857142855
0.25,0.02,0.0,0.02,252,1.0,0.25793650793650796,0.25793650793650796,0.0,0.05952380952380952,0.5119047619047619,0.42857142857142855
0.25,0.02,0.0,0.05,252,1.0,0.25793650793650796,0.25793650793650796,0.0,0.05952380952380952,0.5119047619047619,0.42857142857142855
0.25,0.02,0.0,0.1,252,1.0,0.25793650793650796,0.25793650793650796,0.0,0.05952380952380952,0.5119047619047619,0.42857142857142855
0.25,0.02,0.9,0.0,252,1.0,0.25793650793650796,0.25793650793650796,0.0,0.05952380952380952,0.5119047619047619,0.42857142857142855
0.25,0.02,0.9,0.02,252,0.9761904761904762,0.25793650793650796,0.26422764227642276,0.023809523809523836,0.05952380952380952,0.5119047619047619,0.42857142857142855
0.25,0.02,0.9,0.05,252,0.9563492063492064,0.25793650793650796,0.2697095435684647,0.04365079365079361,0.05952380952380952,0.5119047619047619,0.42857142857142855
0.25,0.02,0.9,0.1,252,0.9404761904761905,0.25793650793650796,0.2742616033755274,0.059523809523809534,0.05952380952380952,0.5119047619047619,0.42857142857142855
0.25,0.02,0.925,0.0,252,1.0,0.25793650793650796,0.25793650793650796,0.0,0.05952380952380952,0.5119047619047619,0.42857142857142855
0.25,0.02,0.925,0.02,252,0.9325396825396826,0.25396825396825395,0.2723404255319149,0.06746031746031744,0.05952380952380952,0.5119047619047619,0.42857142857142855
0.25,0.02,0.925,0.05,252,0.876984126984127,0.25396825396825395,0.2895927601809955,0.12301587301587302,0.05952380952380952,0.5119047619047619,0.42857142857142855
0.25,0.02,0.925,0.1,252,0.7936507936507936,0.25396825396825395,0.32,0.2063492063492064,0.05952380952380952,0.5119047619047619,0.42857142857142855
0.25,0.02,0.95,0.0,252,1.0,0.25793650793650796,0.25793650793650796,0.0,0.05952380952380952,0.5119047619047619,0.42857142857142855
0.25,0.02,0.95,0.02,252,0.8888888888888888,0.25396825396825395,0.2857142857142857,0.11111111111111116,0.05952380952380952,0.5119047619047619,0.42857142857142855
0.25,0.02,0.95,0.05,252,0.7738095238095238,0.25396825396825395,0.3282051282051282,0.22619047619047616,0.05952380952380952,0.5119047619047619,0.42857142857142855
0.25,0.02,0.95,0.1,252,0.6309523809523809,0.25,0.39622641509433965,0.36904761904761907,0.05952380952380952,0.5119047619047619,0.42857142857142855
0.25,0.04,0.0,0.0,252,1.0,0.26587301587301587,0.26587301587301587,0.0,0.09126984126984126,0.4801587301587302,0.42857142857142855
0.25,0.04,0.0,0.02,252,1.0,0.26587301587301587,0.26587301587301587,0.0,0.09126984126984126,0.4801587301587302,0.42857142857142855
0.25,0.04,0.0,0.05,252,1.0,0.26587301587301587,0.26587301587301587,0.0,0.09126984126984126,0.4801587301587302,0.42857142857142855
0.25,0.04,0.0,0.1,252,1.0,0.26587301587301587,0.26587301587301587,0.0,0.09126984126984126,0.4801587301587302,0.42857142857142855
0.25,0.04,0.9,0.0,252,1.0,0.26587301587301587,0.26587301587301587,0.0,0.09126984126984126,0.4801587301587302,0.42857142857142855
0.25,0.04,0.9,0.02,252,0.9761904761904762,0.26587301587301587,0.27235772357723576,0.023809523809523836,0.09126984126984126,0.4801587301587302,0.42857142857142855
0.25,0.04,0.9,0.05,252,0.9642857142857143,0.26587301587301587,0.2757201646090535,0.0357142857142857,0.09126984126984126,0.4801587301587302,0.42857142857142855
0.25,0.04,0.9,0.1,252,0.9484126984126984,0.26587301587301587,0.2803347280334728,0.051587301587301626,0.09126984126984126,0.4801587301587302,0.42857142857142855
0.25,0.04,0.925,0.0,252,1.0,0.26587301587301587,0.26587301587301587,0.0,0.09126984126984126,0.4801587301587302,0.42857142857142855
0.25,0.04,0.925,0.02,252,0.9325396825396826,0.2619047619047619,0.28085106382978725,0.06746031746031744,0.09126984126984126,0.4801587301587302,0.42857142857142855
0.25,0.04,0.925,0.05,252,0.8968253968253969,0.2619047619047619,0.2920353982300885,0.10317460317460314,0.09126984126984126,0.4801587301587302,0.42857142857142855
0.25,0.04,0.925,0.1,252,0.8134920634920635,0.2619047619047619,0.32195121951219513,0.1865079365079365,0.09126984126984126,0.4801587301587302,0.42857142857142855
0.25,0.04,0.95,0.0,252,1.0,0.26587301587301587,0.26587301587301587,0.0,0.09126984126984126,0.4801587301587302,0.42857142857142855
0.25,0.04,0.95,0.02,252,0.8888888888888888,0.2619047619047619,0.29464285714285715,0.11111111111111116,0.09126984126984126,0.4801587301587302,0.42857142857142855
0.25,0.04,0.95,0.05,252,0.8015873015873016,0.2619047619047619,0.32673267326732675,0.19841269841269837,0.09126984126984126,0.4801587301587302,0.42857142857142855
0.25,0.04,0.95,0.1,252,0.6587301587301587,0.25793650793650796,0.39156626506024095,0.3412698412698413,0.09126984126984126,0.4801587301587302,0.42857142857142855
0.25,0.06,0.0,0.0,252,1.0,0.26587301587301587,0.26587301587301587,0.0,0.11904761904761904,0.4523809523809524,0.42857142857142855
0.25,0.06,0.0,0.02,252,1.0,0.26587301587301587,0.26587301587301587,0.0,0.11904761904761904,0.4523809523809524,0.42857142857142855
0.25,0.06,0.0,0.05,252,1.0,0.26587301587301587,0.26587301587301587,0.0,0.11904761904761904,0.4523809523809524,0.42857142857142855
0.25,0.06,0.0,0.1,252,1.0,0.26587301587301587,0.26587301587301587,0.0,0.11904761904761904,0.4523809523809524,0.42857142857142855
0.25,0.06,0.9,0.0,252,1.0,0.26587301587301587,0.26587301587301587,0.0,0.11904761904761904,0.4523809523809524,0.42857142857142855
0.25,0.06,0.9,0.02,252,0.9761904761904762,0.26587301587301587,0.27235772357723576,0.023809523809523836,0.11904761904761904,0.4523809523809524,0.42857142857142855
0.25,0.06,0.9,0.05,252,0.9642857142857143,0.26587301587301587,0.2757201646090535,0.0357142857142857,0.11904761904761904,0.4523809523809524,0.42857142857142855
0.25,0.06,0.9,0.1,252,0.9484126984126984,0.26587301587301587,0.2803347280334728,0.051587301587301626,0.11904761904761904,0.4523809523809524,0.42857142857142855
0.25,0.06,0.925,0.0,252,1.0,0.26587301587301587,0.26587301587301587,0.0,0.11904761904761904,0.4523809523809524,0.42857142857142855
0.25,0.06,0.925,0.02,252,0.9325396825396826,0.2619047619047619,0.28085106382978725,0.06746031746031744,0.11904761904761904,0.4523809523809524,0.42857142857142855
0.25,0.06,0.925,0.05,252,0.9007936507936508,0.2619047619047619,0.2907488986784141,0.09920634920634919,0.11904761904761904,0.4523809523809524,0.42857142857142855
0.25,0.06,0.925,0.1,252,0.8293650793650794,0.2619047619047619,0.3157894736842105,0.17063492063492058,0.11904761904761904,0.4523809523809524,0.42857142857142855
0.25,0.06,0.95,0.0,252,1.0,0.26587301587301587,0.26587301587301587,0.0,0.11904761904761904,0.4523809523809524,0.42857142857142855
0.25,0.06,0.95,0.02,252,0.8888888888888888,0.2619047619047619,0.29464285714285715,0.11111111111111116,0.11904761904761904,0.4523809523809524,0.42857142857142855
0.25,0.06,0.95,0.05,252,0.8055555555555556,0.2619047619047619,0.3251231527093596,0.19444444444444442,0.11904761904761904,0.4523809523809524,0.42857142857142855
0.25,0.06,0.95,0.1,252,0.6825396825396826,0.25793650793650796,0.37790697674418605,0.31746031746031744,0.11904761904761904,0.4523809523809524,0.42857142857142855
0.25,0.08,0.0,0.0,252,1.0,0.2777777777777778,0.2777777777777778,0.0,0.14285714285714285,0.42857142857142855,0.42857142857142855
0.25,0.08,0.0,0.02,252,1.0,0.2777777777777778,0.2777777777777778,0.0,0.14285714285714285,0.42857142857142855,0.42857142857142855
0.25,0.08,0.0,0.05,252,1.0,0.2777777777777778,0.2777777777777778,0.0,0.14285714285714285,0.42857142857142855,0.42857142857142855
0.25,0.08,0.0,0.1,252,1.0,0.2777777777777778,0.2777777777777778,0.0,0.14285714285714285,0.42857142857142855,0.42857142857142855
0.25,0.08,0.9,0.0,252,1.0,0.2777777777777778,0.2777777777777778,0.0,0.14285714285714285,0.42857142857142855,0.42857142857142855
0.25,0.08,0.9,0.02,252,0.9761904761904762,0.2777777777777778,0.2845528455284553,0.023809523809523836,0.14285714285714285,0.42857142857142855,0.42857142857142855
0.25,0.08,0.9,0.05,252,0.9642857142857143,0.2777777777777778,0.2880658436213992,0.0357142857142857,0.14285714285714285,0.42857142857142855,0.42857142857142855
0.25,0.08,0.9,0.1,252,0.9523809523809523,0.2777777777777778,0.2916666666666667,0.04761904761904767,0.14285714285714285,0.42857142857142855,0.42857142857142855
0.25,0.08,0.925,0.0,252,1.0,0.2777777777777778,0.2777777777777778,0.0,0.14285714285714285,0.42857142857142855,0.42857142857142855
0.25,0.08,0.925,0.02,252,0.9325396825396826,0.27380952380952384,0.2936170212765957,0.06746031746031744,0.14285714285714285,0.42857142857142855,0.42857142857142855
0.25,0.08,0.925,0.05,252,0.9007936507936508,0.27380952380952384,0.3039647577092511,0.09920634920634919,0.14285714285714285,0.42857142857142855,0.42857142857142855
0.25,0.08,0.925,0.1,252,0.8412698412698413,0.27380952380952384,0.32547169811320753,0.15873015873015872,0.14285714285714285,0.42857142857142855,0.42857142857142855
0.25,0.08,0.95,0.0,252,1.0,0.2777777777777778,0.2777777777777778,0.0,0.14285714285714285,0.42857142857142855,0.42857142857142855
0.25,0.08,0.95,0.02,252,0.8888888888888888,0.27380952380952384,0.3080357142857143,0.11111111111111116,0.14285714285714285,0.42857142857142855,0.42857142857142855
0.25,0.08,0.95,0.05,252,0.8055555555555556,0.27380952380952384,0.3399014778325123,0.19444444444444442,0.14285714285714285,0.42857142857142855,0.42857142857142855
0.25,0.08,0.95,0.1,252,0.6984126984126984,0.2698412698412698,0.38636363636363635,0.3015873015873016,0.14285714285714285,0.42857142857142855,0.42857142857142855
0.25,0.1,0.0,0.0,252,1.0,0.28174603174603174,0.28174603174603174,0.0,0.1626984126984127,0.4087301587301587,0.42857142857142855
0.25,0.1,0.0,0.02,252,1.0,0.28174603174603174,0.28174603174603174,0.0,0.1626984126984127,0.4087301587301587,0.42857142857142855
0.25,0.1,0.0,0.05,252,1.0,0.28174603174603174,0.28174603174603174,0.0,0.1626984126984127,0.4087301587301587,0.42857142857142855
0.25,0.1,0.0,0.1,252,1.0,0.28174603174603174,0.28174603174603174,0.0,0.1626984126984127,0.4087301587301587,0.42857142857142855
0.25,0.1,0.9,0.0,252,1.0,0.28174603174603174,0.28174603174603174,0.0,0.1626984126984127,0.4087301587301587,0.42857142857142855
0.25,0.1,0.9,0.02,252,0.9761904761904762,0.28174603174603174,0.2886178861788618,0.023809523809523836,0.1626984126984127,0.4087301587301587,0.42857142857142855
0.25,0.1,0.9,0.05,252,0.9642857142857143,0.28174603174603174,0.29218106995884774,0.0357142857142857,0.1626984126984127,0.4087301587301587,0.42857142857142855
0.25,0.1,0.9,0.1,252,0.9563492063492064,0.28174603174603174,0.2946058091286307,0.04365079365079361,0.1626984126984127,0.4087301587301587,0.42857142857142855
0.25,0.1,0.925,0.0,252,1.0,0.28174603174603174,0.28174603174603174,0.0,0.1626984126984127,0.4087301587301587,0.42857142857142855
0.25,0.1,0.925,0.02,252,0.9325396825396826,0.2777777777777778,0.2978723404255319,0.06746031746031744,0.1626984126984127,0.4087301587301587,0.42857142857142855
0.25,0.1,0.925,0.05,252,0.9007936507936508,0.2777777777777778,0.30837004405286345,0.09920634920634919,0.1626984126984127,0.4087301587301587,0.42857142857142855
0.25,0.1,0.925,0.1,252,0.8571428571428571,0.2777777777777778,0.32407407407407407,0.1428571428571429,0.1626984126984127,0.4087301587301587,0.42857142857142855
0.25,0.1,0.95,0.0,252,1.0,0.28174603174603174,0.28174603174603174,0.0,0.1626984126984127,0.4087301587301587,0.42857142857142855
0.25,0.1,0.95,0.02,252,0.8888888888888888,0.2777777777777778,0.3125,0.11111111111111116,0.1626984126984127,0.4087301587301587,0.42857142857142855
0.25,0.1,0.95,0.05,252,0.8055555555555556,0.2777777777777778,0.3448275862068966,0.19444444444444442,0.1626984126984127,0.4087301587301587,0.42857142857142855
0.25,0.1,0.95,0.1,252,0.7142857142857143,0.27380952380952384,0.38333333333333336,0.2857142857142857,0.1626984126984127,0.4087301587301587,0.42857142857142855
0.25,0.15,0.0,0.0,252,1.0,0.2896825396825397,0.2896825396825397,0.0,0.1984126984126984,0.373015873015873,0.42857142857142855
0.25,0.15,0.0,0.02,252,1.0,0.2896825396825397,0.2896825396825397,0.0,0.1984126984126984,0.373015873015873,0.42857142857142855
0.25,0.15,0.0,0.05,252,1.0,0.2896825396825397,0.2896825396825397,0.0,0.1984126984126984,0.373015873015873,0.42857142857142855
0.25,0.15,0.0,0.1,252,1.0,0.2896825396825397,0.2896825396825397,0.0,0.1984126984126984,0.373015873015873,0.42857142857142855
0.25,0.15,0.9,0.0,252,1.0,0.2896825396825397,0.2896825396825397,0.0,0.1984126984126984,0.373015873015873,0.42857142857142855
0.25,0.15,0.9,0.02,252,0.9761904761904762,0.2896825396825397,0.2967479674796748,0.023809523809523836,0.1984126984126984,0.373015873015873,0.42857142857142855
0.25,0.15,0.9,0.05,252,0.9642857142857143,0.2896825396825397,0.3004115226337449,0.0357142857142857,0.1984126984126984,0.373015873015873,0.42857142857142855
0.25,0.15,0.9,0.1,252,0.9563492063492064,0.2896825396825397,0.3029045643153527,0.04365079365079361,0.1984126984126984,0.373015873015873,0.42857142857142855
0.25,0.15,0.925,0.0,252,1.0,0.2896825396825397,0.2896825396825397,0.0,0.1984126984126984,0.373015873015873,0.42857142857142855
0.25,0.15,0.925,0.02,252,0.9325396825396826,0.2857142857142857,0.30638297872340425,0.06746031746031744,0.1984126984126984,0.373015873015873,0.42857142857142855
0.25,0.15,0.925,0.05,252,0.9007936507936508,0.2857142857142857,0.31718061674008813,0.09920634920634919,0.1984126984126984,0.373015873015873,0.42857142857142855
0.25,0.15,0.925,0.1,252,0.8571428571428571,0.2857142857142857,0.3333333333333333,0.1428571428571429,0.1984126984126984,0.373015873015873,0.42857142857142855
0.25,0.15,0.95,0.0,252,1.0,0.2896825396825397,0.2896825396825397,0.0,0.1984126984126984,0.373015873015873,0.42857142857142855
0.25,0.15,0.95,0.02,252,0.8888888888888888,0.2857142857142857,0.32142857142857145,0.11111111111111116,0.1984126984126984,0.373015873015873,0.42857142857142855
0.25,0.15,0.95,0.05,252,0.8055555555555556,0.2857142857142857,0.35467980295566504,0.19444444444444442,0.1984126984126984,0.373015873015873,0.42857142857142855
0.25,0.15,0.95,0.1,252,0.7142857142857143,0.28174603174603174,0.39444444444444443,0.2857142857142857,0.1984126984126984,0.373015873015873,0.42857142857142855
0.25,0.25,0.0,0.0,252,1.0,0.2896825396825397,0.2896825396825397,0.0,0.21825396825396826,0.3531746031746032,0.42857142857142855
0.25,0.25,0.0,0.02,252,1.0,0.2896825396825397,0.2896825396825397,0.0,0.21825396825396826,0.3531746031746032,0.42857142857142855
0.25,0.25,0.0,0.05,252,1.0,0.2896825396825397,0.2896825396825397,0.0,0.21825396825396826,0.3531746031746032,0.42857142857142855
0.25,0.25,0.0,0.1,252,1.0,0.2896825396825397,0.2896825396825397,0.0,0.21825396825396826,0.3531746031746032,0.42857142857142855
0.25,0.25,0.9,0.0,252,1.0,0.2896825396825397,0.2896825396825397,0.0,0.21825396825396826,0.3531746031746032,0.42857142857142855
0.25,0.25,0.9,0.02,252,0.9761904761904762,0.2896825396825397,0.2967479674796748,0.023809523809523836,0.21825396825396826,0.3531746031746032,0.42857142857142855
0.25,0.25,0.9,0.05,252,0.9642857142857143,0.2896825396825397,0.3004115226337449,0.0357142857142857,0.21825396825396826,0.3531746031746032,0.42857142857142855
0.25,0.25,0.9,0.1,252,0.9563492063492064,0.2896825396825397,0.3029045643153527,0.04365079365079361,0.21825396825396826,0.3531746031746032,0.42857142857142855
0.25,0.25,0.925,0.0,252,1.0,0.2896825396825397,0.2896825396825397,0.0,0.21825396825396826,0.3531746031746032,0.42857142857142855
0.25,0.25,0.925,0.02,252,0.9325396825396826,0.2857142857142857,0.30638297872340425,0.06746031746031744,0.21825396825396826,0.3531746031746032,0.42857142857142855
0.25,0.25,0.925,0.05,252,0.9007936507936508,0.2857142857142857,0.31718061674008813,0.09920634920634919,0.21825396825396826,0.3531746031746032,0.42857142857142855
0.25,0.25,0.925,0.1,252,0.8571428571428571,0.2857142857142857,0.3333333333333333,0.1428571428571429,0.21825396825396826,0.3531746031746032,0.42857142857142855
0.25,0.25,0.95,0.0,252,1.0,0.2896825396825397,0.2896825396825397,0.0,0.21825396825396826,0.3531746031746032,0.42857142857142855
0.25,0.25,0.95,0.02,252,0.8888888888888888,0.2857142857142857,0.32142857142857145,0.11111111111111116,0.21825396825396826,0.3531746031746032,0.42857142857142855
0.25,0.25,0.95,0.05,252,0.8055555555555556,0.2857142857142857,0.35467980295566504,0.19444444444444442,0.21825396825396826,0.3531746031746032,0.42857142857142855
0.25,0.25,0.95,0.1,252,0.7142857142857143,0.28174603174603174,0.39444444444444443,0.2857142857142857,0.21825396825396826,0.3531746031746032,0.42857142857142855
0.25,1.0,0.0,0.0,252,1.0,0.2896825396825397,0.2896825396825397,0.0,0.21825396825396826,0.3531746031746032,0.42857142857142855
0.25,1.0,0.0,0.02,252,1.0,0.2896825396825397,0.2896825396825397,0.0,0.21825396825396826,0.3531746031746032,0.42857142857142855
0.25,1.0,0.0,0.05,252,1.0,0.2896825396825397,0.2896825396825397,0.0,0.21825396825396826,0.3531746031746032,0.42857142857142855
0.25,1.0,0.0,0.1,252,1.0,0.2896825396825397,0.2896825396825397,0.0,0.21825396825396826,0.3531746031746032,0.42857142857142855
0.25,1.0,0.9,0.0,252,1.0,0.2896825396825397,0.2896825396825397,0.0,0.21825396825396826,0.3531746031746032,0.42857142857142855
0.25,1.0,0.9,0.02,252,0.9761904761904762,0.2896825396825397,0.2967479674796748,0.023809523809523836,0.21825396825396826,0.3531746031746032,0.42857142857142855
0.25,1.0,0.9,0.05,252,0.9642857142857143,0.2896825396825397,0.3004115226337449,0.0357142857142857,0.21825396825396826,0.3531746031746032,0.42857142857142855
0.25,1.0,0.9,0.1,252,0.9563492063492064,0.2896825396825397,0.3029045643153527,0.04365079365079361,0.21825396825396826,0.3531746031746032,0.42857142857142855
0.25,1.0,0.925,0.0,252,1.0,0.2896825396825397,0.2896825396825397,0.0,0.21825396825396826,0.3531746031746032,0.42857142857142855
0.25,1.0,0.925,0.02,252,0.9325396825396826,0.2857142857142857,0.30638297872340425,0.06746031746031744,0.21825396825396826,0.3531746031746032,0.42857142857142855
0.25,1.0,0.925,0.05,252,0.9007936507936508,0.2857142857142857,0.31718061674008813,0.09920634920634919,0.21825396825396826,0.3531746031746032,0.42857142857142855
0.25,1.0,0.925,0.1,252,0.8571428571428571,0.2857142857142857,0.3333333333333333,0.1428571428571429,0.21825396825396826,0.3531746031746032,0.42857142857142855
0.25,1.0,0.95,0.0,252,1.0,0.2896825396825397,0.2896825396825397,0.0,0.21825396825396826,0.3531746031746032,0.42857142857142855
0.25,1.0,0.95,0.02,252,0.8888888888888888,0.2857142857142857,0.32142857142857145,0.11111111111111116,0.21825396825396826,0.3531746031746032,0.42857142857142855
0.25,1.0,0.95,0.05,252,0.8055555555555556,0.2857142857142857,0.35467980295566504,0.19444444444444442,0.21825396825396826,0.3531746031746032,0.42857142857142855
0.25,1.0,0.95,0.1,252,0.7142857142857143,0.28174603174603174,0.39444444444444443,0.2857142857142857,0.21825396825396826,0.3531746031746032,0.42857142857142855
0.5,0.02,0.0,0.0,252,1.0,0.25,0.25,0.0,0.047619047619047616,0.5238095238095238,0.42857142857142855
0.5,0.02,0.0,0.02,252,1.0,0.25,0.25,0.0,0.047619047619047616,0.5238095238095238,0.42857142857142855
0.5,0.02,0.0,0.05,252,1.0,0.25,0.25,0.0,0.047619047619047616,0.5238095238095238,0.42857142857142855
0.5,0.02,0.0,0.1,252,1.0,0.25,0.25,0.0,0.047619047619047616,0.5238095238095238,0.42857142857142855
0.5,0.02,0.9,0.0,252,1.0,0.25,0.25,0.0,0.047619047619047616,0.5238095238095238,0.42857142857142855
0.5,0.02,0.9,0.02,252,0.9761904761904762,0.25,0.25609756097560976,0.023809523809523836,0.047619047619047616,0.5238095238095238,0.42857142857142855
0.5,0.02,0.9,0.05,252,0.9563492063492064,0.25,0.26141078838174275,0.04365079365079361,0.047619047619047616,0.5238095238095238,0.42857142857142855
0.5,0.02,0.9,0.1,252,0.9404761904761905,0.25,0.26582278481012656,0.059523809523809534,0.047619047619047616,0.5238095238095238,0.42857142857142855
0.5,0.02,0.925,0.0,252,1.0,0.25,0.25,0.0,0.047619047619047616,0.5238095238095238,0.42857142857142855
0.5,0.02,0.925,0.02,252,0.9285714285714286,0.24603174603174602,0.26495726495726496,0.0714285714285714,0.047619047619047616,0.5238095238095238,0.42857142857142855
0.5,0.02,0.925,0.05,252,0.873015873015873,0.24603174603174602,0.2818181818181818,0.12698412698412698,0.047619047619047616,0.5238095238095238,0.42857142857142855
0.5,0.02,0.925,0.1,252,0.7896825396825397,0.24603174603174602,0.31155778894472363,0.21031746031746035,0.047619047619047616,0.5238095238095238,0.42857142857142855
0.5,0.02,0.95,0.0,252,1.0,0.25,0.25,0.0,0.047619047619047616,0.5238095238095238,0.42857142857142855
0.5,0.02,0.95,0.02,252,0.8809523809523809,0.24603174603174602,0.27927927927927926,0.11904761904761907,0.047619047619047616,0.5238095238095238,0.42857142857142855
0.5,0.02,0.95,0.05,252,0.7658730158730159,0.24603174603174602,0.32124352331606215,0.23412698412698407,0.047619047619047616,0.5238095238095238,0.42857142857142855
0.5,0.02,0.95,0.1,252,0.623015873015873,0.24206349206349206,0.3885350318471338,0.376984126984127,0.047619047619047616,0.5238095238095238,0.42857142857142855
0.5,0.04,0.0,0.0,252,1.0,0.25396825396825395,0.25396825396825395,0.0,0.06746031746031746,0.503968253968254,0.42857142857142855
0.5,0.04,0.0,0.02,252,1.0,0.25396825396825395,0.25396825396825395,0.0,0.06746031746031746,0.503968253968254,0.42857142857142855
0.5,0.04,0.0,0.05,252,1.0,0.25396825396825395,0.25396825396825395,0.0,0.06746031746031746,0.503968253968254,0.42857142857142855
0.5,0.04,0.0,0.1,252,1.0,0.25396825396825395,0.25396825396825395,0.0,0.06746031746031746,0.503968253968254,0.42857142857142855
0.5,0.04,0.9,0.0,252,1.0,0.25396825396825395,0.25396825396825395,0.0,0.06746031746031746,0.503968253968254,0.42857142857142855
0.5,0.04,0.9,0.02,252,0.9761904761904762,0.25396825396825395,0.2601626016260163,0.023809523809523836,0.06746031746031746,0.503968253968254,0.42857142857142855
0.5,0.04,0.9,0.05,252,0.9603174603174603,0.25396825396825395,0.2644628099173554,0.03968253968253965,0.06746031746031746,0.503968253968254,0.42857142857142855
0.5,0.04,0.9,0.1,252,0.9444444444444444,0.25396825396825395,0.2689075630252101,0.05555555555555558,0.06746031746031746,0.503968253968254,0.42857142857142855
0.5,0.04,0.925,0.0,252,1.0,0.25396825396825395,0.25396825396825395,0.0,0.06746031746031746,0.503968253968254,0.42857142857142855
0.5,0.04,0.925,0.02,252,0.9285714285714286,0.25,0.2692307692307692,0.0714285714285714,0.06746031746031746,0.503968253968254,0.42857142857142855
0.5,0.04,0.925,0.05,252,0.8888888888888888,0.25,0.28125,0.11111111111111116,0.06746031746031746,0.503968253968254,0.42857142857142855
0.5,0.04,0.925,0.1,252,0.8055555555555556,0.25,0.3103448275862069,0.19444444444444442,0.06746031746031746,0.503968253968254,0.42857142857142855
0.5,0.04,0.95,0.0,252,1.0,0.25396825396825395,0.25396825396825395,0.0,0.06746031746031746,0.503968253968254,0.42857142857142855
0.5,0.04,0.95,0.02,252,0.8809523809523809,0.25,0.28378378378378377,0.11904761904761907,0.06746031746031746,0.503968253968254,0.42857142857142855
0.5,0.04,0.95,0.05,252,0.7857142857142857,0.25,0.3181818181818182,0.2142857142857143,0.06746031746031746,0.503968253968254,0.42857142857142855
0.5,0.04,0.95,0.1,252,0.6428571428571429,0.24603174603174602,0.38271604938271603,0.3571428571428571,0.06746031746031746,0.503968253968254,0.42857142857142855
0.5,0.06,0.0,0.0,252,1.0,0.25396825396825395,0.25396825396825395,0.0,0.09126984126984126,0.4801587301587302,0.42857142857142855
0.5,0.06,0.0,0.02,252,1.0,0.25396825396825395,0.25396825396825395,0.0,0.09126984126984126,0.4801587301587302,0.42857142857142855
0.5,0.06,0.0,0.05,252,1.0,0.25396825396825395,0.25396825396825395,0.0,0.09126984126984126,0.4801587301587302,0.42857142857142855
0.5,0.06,0.0,0.1,252,1.0,0.25396825396825395,0.25396825396825395,0.0,0.09126984126984126,0.4801587301587302,0.42857142857142855
0.5,0.06,0.9,0.0,252,1.0,0.25396825396825395,0.25396825396825395,0.0,0.09126984126984126,0.4801587301587302,0.42857142857142855
0.5,0.06,0.9,0.02,252,0.9761904761904762,0.25396825396825395,0.2601626016260163,0.023809523809523836,0.09126984126984126,0.4801587301587302,0.42857142857142855
0.5,0.06,0.9,0.05,252,0.9603174603174603,0.25396825396825395,0.2644628099173554,0.03968253968253965,0.09126984126984126,0.4801587301587302,0.42857142857142855
0.5,0.06,0.9,0.1,252,0.9444444444444444,0.25396825396825395,0.2689075630252101,0.05555555555555558,0.09126984126984126,0.4801587301587302,0.42857142857142855
0.5,0.06,0.925,0.0,252,1.0,0.25396825396825395,0.25396825396825395,0.0,0.09126984126984126,0.4801587301587302,0.42857142857142855
0.5,0.06,0.925,0.02,252,0.9285714285714286,0.25,0.2692307692307692,0.0714285714285714,0.09126984126984126,0.4801587301587302,0.42857142857142855
0.5,0.06,0.925,0.05,252,0.8928571428571429,0.25,0.28,0.1071428571428571,0.09126984126984126,0.4801587301587302,0.42857142857142855
0.5,0.06,0.925,0.1,252,0.8214285714285714,0.25,0.30434782608695654,0.1785714285714286,0.09126984126984126,0.4801587301587302,0.42857142857142855
0.5,0.06,0.95,0.0,252,1.0,0.25396825396825395,0.25396825396825395,0.0,0.09126984126984126,0.4801587301587302,0.42857142857142855
0.5,0.06,0.95,0.02,252,0.8809523809523809,0.25,0.28378378378378377,0.11904761904761907,0.09126984126984126,0.4801587301587302,0.42857142857142855
0.5,0.06,0.95,0.05,252,0.7896825396825397,0.25,0.3165829145728643,0.21031746031746035,0.09126984126984126,0.4801587301587302,0.42857142857142855
0.5,0.06,0.95,0.1,252,0.6666666666666666,0.24603174603174602,0.36904761904761907,0.33333333333333337,0.09126984126984126,0.4801587301587302,0.42857142857142855
0.5,0.08,0.0,0.0,252,1.0,0.2619047619047619,0.2619047619047619,0.0,0.1111111111111111,0.4603174603174603,0.42857142857142855
0.5,0.08,0.0,0.02,252,1.0,0.2619047619047619,0.2619047619047619,0.0,0.1111111111111111,0.4603174603174603,0.42857142857142855
0.5,0.08,0.0,0.05,252,1.0,0.2619047619047619,0.2619047619047619,0.0,0.1111111111111111,0.4603174603174603,0.42857142857142855
0.5,0.08,0.0,0.1,252,1.0,0.2619047619047619,0.2619047619047619,0.0,0.1111111111111111,0.4603174603174603,0.42857142857142855
0.5,0.08,0.9,0.0,252,1.0,0.2619047619047619,0.2619047619047619,0.0,0.1111111111111111,0.4603174603174603,0.42857142857142855
0.5,0.08,0.9,0.02,252,0.9761904761904762,0.2619047619047619,0.2682926829268293,0.023809523809523836,0.1111111111111111,0.4603174603174603,0.42857142857142855
0.5,0.08,0.9,0.05,252,0.9603174603174603,0.2619047619047619,0.2727272727272727,0.03968253968253965,0.1111111111111111,0.4603174603174603,0.42857142857142855
0.5,0.08,0.9,0.1,252,0.9484126984126984,0.2619047619047619,0.27615062761506276,0.051587301587301626,0.1111111111111111,0.4603174603174603,0.42857142857142855
0.5,0.08,0.925,0.0,252,1.0,0.2619047619047619,0.2619047619047619,0.0,0.1111111111111111,0.4603174603174603,0.42857142857142855
0.5,0.08,0.925,0.02,252,0.9285714285714286,0.25793650793650796,0.2777777777777778,0.0714285714285714,0.1111111111111111,0.4603174603174603,0.42857142857142855
0.5,0.08,0.925,0.05,252,0.8928571428571429,0.25793650793650796,0.28888888888888886,0.1071428571428571,0.1111111111111111,0.4603174603174603,0.42857142857142855
0.5,0.08,0.925,0.1,252,0.8333333333333334,0.25793650793650796,0.30952380952380953,0.16666666666666663,0.1111111111111111,0.4603174603174603,0.42857142857142855
0.5,0.08,0.95,0.0,252,1.0,0.2619047619047619,0.2619047619047619,0.0,0.1111111111111111,0.4603174603174603,0.42857142857142855
0.5,0.08,0.95,0.02,252,0.8809523809523809,0.25793650793650796,0.2927927927927928,0.11904761904761907,0.1111111111111111,0.4603174603174603,0.42857142857142855
0.5,0.08,0.95,0.05,252,0.7896825396825397,0.25793650793650796,0.32663316582914576,0.21031746031746035,0.1111111111111111,0.4603174603174603,0.42857142857142855
0.5,0.08,0.95,0.1,252,0.6825396825396826,0.25396825396825395,0.37209302325581395,0.31746031746031744,0.1111111111111111,0.4603174603174603,0.42857142857142855
0.5,0.1,0.0,0.0,252,1.0,0.26587301587301587,0.26587301587301587,0.0,0.13095238095238096,0.44047619047619047,0.42857142857142855
0.5,0.1,0.0,0.02,252,1.0,0.26587301587301587,0.26587301587301587,0.0,0.13095238095238096,0.44047619047619047,0.42857142857142855
0.5,0.1,0.0,0.05,252,1.0,0.26587301587301587,0.26587301587301587,0.0,0.13095238095238096,0.44047619047619047,0.42857142857142855
0.5,0.1,0.0,0.1,252,1.0,0.26587301587301587,0.26587301587301587,0.0,0.13095238095238096,0.44047619047619047,0.42857142857142855
0.5,0.1,0.9,0.0,252,1.0,0.26587301587301587,0.26587301587301587,0.0,0.13095238095238096,0.44047619047619047,0.42857142857142855
0.5,0.1,0.9,0.02,252,0.9761904761904762,0.26587301587301587,0.27235772357723576,0.023809523809523836,0.13095238095238096,0.44047619047619047,0.42857142857142855
0.5,0.1,0.9,0.05,252,0.9603174603174603,0.26587301587301587,0.2768595041322314,0.03968253968253965,0.13095238095238096,0.44047619047619047,0.42857142857142855
0.5,0.1,0.9,0.1,252,0.9523809523809523,0.26587301587301587,0.2791666666666667,0.04761904761904767,0.13095238095238096,0.44047619047619047,0.42857142857142855
0.5,0.1,0.925,0.0,252,1.0,0.26587301587301587,0.26587301587301587,0.0,0.13095238095238096,0.44047619047619047,0.42857142857142855
0.5,0.1,0.925,0.02,252,0.9285714285714286,0.2619047619047619,0.28205128205128205,0.0714285714285714,0.13095238095238096,0.44047619047619047,0.42857142857142855
0.5,0.1,0.925,0.05,252,0.8928571428571429,0.2619047619047619,0.29333333333333333,0.1071428571428571,0.13095238095238096,0.44047619047619047,0.42857142857142855
0.5,0.1,0.925,0.1,252,0.8492063492063492,0.2619047619047619,0.308411214953271,0.1507936507936508,0.13095238095238096,0.44047619047619047,0.42857142857142855
0.5,0.1,0.95,0.0,252,1.0,0.26587301587301587,0.26587301587301587,0.0,0.13095238095238096,0.44047619047619047,0.42857142857142855
0.5,0.1,0.95,0.02,252,0.8809523809523809,0.2619047619047619,0.2972972972972973,0.11904761904761907,0.13095238095238096,0.44047619047619047,0.42857142857142855
0.5,0.1,0.95,0.05,252,0.7896825396825397,0.2619047619047619,0.3316582914572864,0.21031746031746035,0.13095238095238096,0.44047619047619047,0.42857142857142855
0.5,0.1,0.95,0.1,252,0.6984126984126984,0.25793650793650796,0.3693181818181818,0.3015873015873016,0.13095238095238096,0.44047619047619047,0.42857142857142855
0.5,0.15,0.0,0.0,252,1.0,0.2698412698412698,0.2698412698412698,0.0,0.15873015873015872,0.4126984126984127,0.42857142857142855
0.5,0.15,0.0,0.02,252,1.0,0.2698412698412698,0.2698412698412698,0.0,0.15873015873015872,0.4126984126984127,0.42857142857142855
0.5,0.15,0.0,0.05,252,1.0,0.2698412698412698,0.2698412698412698,0.0,0.15873015873015872,0.4126984126984127,0.42857142857142855
0.5,0.15,0.0,0.1,252,1.0,0.2698412698412698,0.2698412698412698,0.0,0.15873015873015872,0.4126984126984127,0.42857142857142855
0.5,0.15,0.9,0.0,252,1.0,0.2698412698412698,0.2698412698412698,0.0,0.15873015873015872,0.4126984126984127,0.42857142857142855
0.5,0.15,0.9,0.02,252,0.9761904761904762,0.2698412698412698,0.2764227642276423,0.023809523809523836,0.15873015873015872,0.4126984126984127,0.42857142857142855
0.5,0.15,0.9,0.05,252,0.9603174603174603,0.2698412698412698,0.2809917355371901,0.03968253968253965,0.15873015873015872,0.4126984126984127,0.42857142857142855
0.5,0.15,0.9,0.1,252,0.9523809523809523,0.2698412698412698,0.2833333333333333,0.04761904761904767,0.15873015873015872,0.4126984126984127,0.42857142857142855
0.5,0.15,0.925,0.0,252,1.0,0.2698412698412698,0.2698412698412698,0.0,0.15873015873015872,0.4126984126984127,0.42857142857142855
0.5,0.15,0.925,0.02,252,0.9285714285714286,0.26587301587301587,0.2863247863247863,0.0714285714285714,0.15873015873015872,0.4126984126984127,0.42857142857142855
0.5,0.15,0.925,0.05,252,0.8928571428571429,0.26587301587301587,0.29777777777777775,0.1071428571428571,0.15873015873015872,0.4126984126984127,0.42857142857142855
0.5,0.15,0.925,0.1,252,0.8492063492063492,0.26587301587301587,0.3130841121495327,0.1507936507936508,0.15873015873015872,0.4126984126984127,0.42857142857142855
0.5,0.15,0.95,0.0,252,1.0,0.2698412698412698,0.2698412698412698,0.0,0.15873015873015872,0.4126984126984127,0.42857142857142855
0.5,0.15,0.95,0.02,252,0.8809523809523809,0.26587301587301587,0.30180180180180183,0.11904761904761907,0.15873015873015872,0.4126984126984127,0.42857142857142855
0.5,0.15,0.95,0.05,252,0.7896825396825397,0.26587301587301587,0.33668341708542715,0.21031746031746035,0.15873015873015872,0.4126984126984127,0.42857142857142855
0.5,0.15,0.95,0.1,252,0.6984126984126984,0.2619047619047619,0.375,0.3015873015873016,0.15873015873015872,0.4126984126984127,0.42857142857142855
0.5,0.25,0.0,0.0,252,1.0,0.2698412698412698,0.2698412698412698,0.0,0.17857142857142858,0.39285714285714285,0.42857142857142855
0.5,0.25,0.0,0.02,252,1.0,0.2698412698412698,0.2698412698412698,0.0,0.17857142857142858,0.39285714285714285,0.42857142857142855
0.5,0.25,0.0,0.05,252,1.0,0.2698412698412698,0.2698412698412698,0.0,0.17857142857142858,0.39285714285714285,0.42857142857142855
0.5,0.25,0.0,0.1,252,1.0,0.2698412698412698,0.2698412698412698,0.0,0.17857142857142858,0.39285714285714285,0.42857142857142855
0.5,0.25,0.9,0.0,252,1.0,0.2698412698412698,0.2698412698412698,0.0,0.17857142857142858,0.39285714285714285,0.42857142857142855
0.5,0.25,0.9,0.02,252,0.9761904761904762,0.2698412698412698,0.2764227642276423,0.023809523809523836,0.17857142857142858,0.39285714285714285,0.42857142857142855
0.5,0.25,0.9,0.05,252,0.9603174603174603,0.2698412698412698,0.2809917355371901,0.03968253968253965,0.17857142857142858,0.39285714285714285,0.42857142857142855
0.5,0.25,0.9,0.1,252,0.9523809523809523,0.2698412698412698,0.2833333333333333,0.04761904761904767,0.17857142857142858,0.39285714285714285,0.42857142857142855
0.5,0.25,0.925,0.0,252,1.0,0.2698412698412698,0.2698412698412698,0.0,0.17857142857142858,0.39285714285714285,0.42857142857142855
0.5,0.25,0.925,0.02,252,0.9285714285714286,0.26587301587301587,0.2863247863247863,0.0714285714285714,0.17857142857142858,0.39285714285714285,0.42857142857142855
0.5,0.25,0.925,0.05,252,0.8928571428571429,0.26587301587301587,0.29777777777777775,0.1071428571428571,0.17857142857142858,0.39285714285714285,0.42857142857142855
0.5,0.25,0.925,0.1,252,0.8492063492063492,0.26587301587301587,0.3130841121495327,0.1507936507936508,0.17857142857142858,0.39285714285714285,0.42857142857142855
0.5,0.25,0.95,0.0,252,1.0,0.2698412698412698,0.2698412698412698,0.0,0.17857142857142858,0.39285714285714285,0.42857142857142855
0.5,0.25,0.95,0.02,252,0.8809523809523809,0.26587301587301587,0.30180180180180183,0.11904761904761907,0.17857142857142858,0.39285714285714285,0.42857142857142855
0.5,0.25,0.95,0.05,252,0.7896825396825397,0.26587301587301587,0.33668341708542715,0.21031746031746035,0.17857142857142858,0.39285714285714285,0.42857142857142855
0.5,0.25,0.95,0.1,252,0.6984126984126984,0.2619047619047619,0.375,0.3015873015873016,0.17857142857142858,0.39285714285714285,0.42857142857142855
0.5,1.0,0.0,0.0,252,1.0,0.2698412698412698,0.2698412698412698,0.0,0.17857142857142858,0.39285714285714285,0.42857142857142855
0.5,1.0,0.0,0.02,252,1.0,0.2698412698412698,0.2698412698412698,0.0,0.17857142857142858,0.39285714285714285,0.42857142857142855
0.5,1.0,0.0,0.05,252,1.0,0.2698412698412698,0.2698412698412698,0.0,0.17857142857142858,0.39285714285714285,0.42857142857142855
0.5,1.0,0.0,0.1,252,1.0,0.2698412698412698,0.2698412698412698,0.0,0.17857142857142858,0.39285714285714285,0.42857142857142855
0.5,1.0,0.9,0.0,252,1.0,0.2698412698412698,0.2698412698412698,0.0,0.17857142857142858,0.39285714285714285,0.42857142857142855
0.5,1.0,0.9,0.02,252,0.9761904761904762,0.2698412698412698,0.2764227642276423,0.023809523809523836,0.17857142857142858,0.39285714285714285,0.42857142857142855
0.5,1.0,0.9,0.05,252,0.9603174603174603,0.2698412698412698,0.2809917355371901,0.03968253968253965,0.17857142857142858,0.39285714285714285,0.42857142857142855
0.5,1.0,0.9,0.1,252,0.9523809523809523,0.2698412698412698,0.2833333333333333,0.04761904761904767,0.17857142857142858,0.39285714285714285,0.42857142857142855
0.5,1.0,0.925,0.0,252,1.0,0.2698412698412698,0.2698412698412698,0.0,0.17857142857142858,0.39285714285714285,0.42857142857142855
0.5,1.0,0.925,0.02,252,0.9285714285714286,0.26587301587301587,0.2863247863247863,0.0714285714285714,0.17857142857142858,0.39285714285714285,0.42857142857142855
0.5,1.0,0.925,0.05,252,0.8928571428571429,0.26587301587301587,0.29777777777777775,0.1071428571428571,0.17857142857142858,0.39285714285714285,0.42857142857142855
0.5,1.0,0.925,0.1,252,0.8492063492063492,0.26587301587301587,0.3130841121495327,0.1507936507936508,0.17857142857142858,0.39285714285714285,0.42857142857142855
0.5,1.0,0.95,0.0,252,1.0,0.2698412698412698,0.2698412698412698,0.0,0.17857142857142858,0.39285714285714285,0.42857142857142855
0.5,1.0,0.95,0.02,252,0.8809523809523809,0.26587301587301587,0.30180180180180183,0.11904761904761907,0.17857142857142858,0.39285714285714285,0.42857142857142855
0.5,1.0,0.95,0.05,252,0.7896825396825397,0.26587301587301587,0.33668341708542715,0.21031746031746035,0.17857142857142858,0.39285714285714285,0.42857142857142855
0.5,1.0,0.95,0.1,252,0.6984126984126984,0.2619047619047619,0.375,0.3015873015873016,0.17857142857142858,0.39285714285714285,0.42857142857142855
0.75,0.02,0.0,0.0,252,1.0,0.25,0.25,0.0,0.031746031746031744,0.5396825396825397,0.42857142857142855
0.75,0.02,0.0,0.02,252,1.0,0.25,0.25,0.0,0.031746031746031744,0.5396825396825397,0.42857142857142855
0.75,0.02,0.0,0.05,252,1.0,0.25,0.25,0.0,0.031746031746031744,0.5396825396825397,0.42857142857142855
0.75,0.02,0.0,0.1,252,1.0,0.25,0.25,0.0,0.031746031746031744,0.5396825396825397,0.42857142857142855
0.75,0.02,0.9,0.0,252,1.0,0.25,0.25,0.0,0.031746031746031744,0.5396825396825397,0.42857142857142855
0.75,0.02,0.9,0.02,252,0.9722222222222222,0.25,0.2571428571428571,0.02777777777777779,0.031746031746031744,0.5396825396825397,0.42857142857142855
0.75,0.02,0.9,0.05,252,0.9523809523809523,0.25,0.2625,0.04761904761904767,0.031746031746031744,0.5396825396825397,0.42857142857142855
0.75,0.02,0.9,0.1,252,0.9365079365079365,0.25,0.2669491525423729,0.06349206349206349,0.031746031746031744,0.5396825396825397,0.42857142857142855
0.75,0.02,0.925,0.0,252,1.0,0.25,0.25,0.0,0.031746031746031744,0.5396825396825397,0.42857142857142855
0.75,0.02,0.925,0.02,252,0.9246031746031746,0.24603174603174602,0.26609442060085836,0.07539682539682535,0.031746031746031744,0.5396825396825397,0.42857142857142855
0.75,0.02,0.925,0.05,252,0.8690476190476191,0.24603174603174602,0.2831050228310502,0.13095238095238093,0.031746031746031744,0.5396825396825397,0.42857142857142855
0.75,0.02,0.925,0.1,252,0.7857142857142857,0.24603174603174602,0.31313131313131315,0.2142857142857143,0.031746031746031744,0.5396825396825397,0.42857142857142855
0.75,0.02,0.95,0.0,252,1.0,0.25,0.25,0.0,0.031746031746031744,0.5396825396825397,0.42857142857142855
0.75,0.02,0.95,0.02,252,0.8690476190476191,0.24206349206349206,0.2785388127853881,0.13095238095238093,0.031746031746031744,0.5396825396825397,0.42857142857142855
0.75,0.02,0.95,0.05,252,0.753968253968254,0.24206349206349206,0.32105263157894737,0.24603174603174605,0.031746031746031744,0.5396825396825397,0.42857142857142855
0.75,0.02,0.95,0.1,252,0.6111111111111112,0.23809523809523808,0.38961038961038963,0.38888888888888884,0.031746031746031744,0.5396825396825397,0.42857142857142855
0.75,0.04,0.0,0.0,252,1.0,0.25396825396825395,0.25396825396825395,0.0,0.04365079365079365,0.5277777777777778,0.42857142857142855
0.75,0.04,0.0,0.02,252,1.0,0.25396825396825395,0.25396825396825395,0.0,0.04365079365079365,0.5277777777777778,0.42857142857142855
0.75,0.04,0.0,0.05,252,1.0,0.25396825396825395,0.25396825396825395,0.0,0.04365079365079365,0.5277777777777778,0.42857142857142855
0.75,0.04,0.0,0.1,252,1.0,0.25396825396825395,0.25396825396825395,0.0,0.04365079365079365,0.5277777777777778,0.42857142857142855
0.75,0.04,0.9,0.0,252,1.0,0.25396825396825395,0.25396825396825395,0.0,0.04365079365079365,0.5277777777777778,0.42857142857142855
0.75,0.04,0.9,0.02,252,0.9722222222222222,0.25396825396825395,0.2612244897959184,0.02777777777777779,0.04365079365079365,0.5277777777777778,0.42857142857142855
0.75,0.04,0.9,0.05,252,0.9563492063492064,0.25396825396825395,0.26556016597510373,0.04365079365079361,0.04365079365079365,0.5277777777777778,0.42857142857142855
0.75,0.04,0.9,0.1,252,0.9404761904761905,0.25396825396825395,0.270042194092827,0.059523809523809534,0.04365079365079365,0.5277777777777778,0.42857142857142855
0.75,0.04,0.925,0.0,252,1.0,0.25396825396825395,0.25396825396825395,0.0,0.04365079365079365,0.5277777777777778,0.42857142857142855
0.75,0.04,0.925,0.02,252,0.9246031746031746,0.25,0.2703862660944206,0.07539682539682535,0.04365079365079365,0.5277777777777778,0.42857142857142855
0.75,0.04,0.925,0.05,252,0.8809523809523809,0.25,0.28378378378378377,0.11904761904761907,0.04365079365079365,0.5277777777777778,0.42857142857142855
0.75,0.04,0.925,0.1,252,0.7976190476190477,0.25,0.31343283582089554,0.20238095238095233,0.04365079365079365,0.5277777777777778,0.42857142857142855
0.75,0.04,0.95,0.0,252,1.0,0.25396825396825395,0.25396825396825395,0.0,0.04365079365079365,0.5277777777777778,0.42857142857142855
0.75,0.04,0.95,0.02,252,0.8690476190476191,0.24603174603174602,0.2831050228310502,0.13095238095238093,0.04365079365079365,0.5277777777777778,0.42857142857142855
0.75,0.04,0.95,0.05,252,0.7658730158730159,0.24603174603174602,0.32124352331606215,0.23412698412698407,0.04365079365079365,0.5277777777777778,0.42857142857142855
0.75,0.04,0.95,0.1,252,0.623015873015873,0.24206349206349206,0.3885350318471338,0.376984126984127,0.04365079365079365,0.5277777777777778,0.42857142857142855
0.75,0.06,0.0,0.0,252,1.0,0.25396825396825395,0.25396825396825395,0.0,0.06746031746031746,0.503968253968254,0.42857142857142855
0.75,0.06,0.0,0.02,252,1.0,0.25396825396825395,0.25396825396825395,0.0,0.06746031746031746,0.503968253968254,0.42857142857142855
0.75,0.06,0.0,0.05,252,1.0,0.25396825396825395,0.25396825396825395,0.0,0.06746031746031746,0.503968253968254,0.42857142857142855
0.75,0.06,0.0,0.1,252,1.0,0.25396825396825395,0.25396825396825395,0.0,0.06746031746031746,0.503968253968254,0.42857142857142855
0.75,0.06,0.9,0.0,252,1.0,0.25396825396825395,0.25396825396825395,0.0,0.06746031746031746,0.503968253968254,0.42857142857142855
0.75,0.06,0.9,0.02,252,0.9722222222222222,0.25396825396825395,0.2612244897959184,0.02777777777777779,0.06746031746031746,0.503968253968254,0.42857142857142855
0.75,0.06,0.9,0.05,252,0.9563492063492064,0.25396825396825395,0.26556016597510373,0.04365079365079361,0.06746031746031746,0.503968253968254,0.42857142857142855
0.75,0.06,0.9,0.1,252,0.9404761904761905,0.25396825396825395,0.270042194092827,0.059523809523809534,0.06746031746031746,0.503968253968254,0.42857142857142855
0.75,0.06,0.925,0.0,252,1.0,0.25396825396825395,0.25396825396825395,0.0,0.06746031746031746,0.503968253968254,0.42857142857142855
0.75,0.06,0.925,0.02,252,0.9246031746031746,0.25,0.2703862660944206,0.07539682539682535,0.06746031746031746,0.503968253968254,0.42857142857142855
0.75,0.06,0.925,0.05,252,0.8849206349206349,0.25,0.2825112107623318,0.11507936507936511,0.06746031746031746,0.503968253968254,0.42857142857142855
0.75,0.06,0.925,0.1,252,0.8134920634920635,0.25,0.3073170731707317,0.1865079365079365,0.06746031746031746,0.503968253968254,0.42857142857142855
0.75,0.06,0.95,0.0,252,1.0,0.25396825396825395,0.25396825396825395,0.0,0.06746031746031746,0.503968253968254,0.42857142857142855
0.75,0.06,0.95,0.02,252,0.8690476190476191,0.24603174603174602,0.2831050228310502,0.13095238095238093,0.06746031746031746,0.503968253968254,0.42857142857142855
0.75,0.06,0.95,0.05,252,0.7698412698412699,0.24603174603174602,0.31958762886597936,0.23015873015873012,0.06746031746031746,0.503968253968254,0.42857142857142855
0.75,0.06,0.95,0.1,252,0.6468253968253969,0.24206349206349206,0.37423312883435583,0.35317460317460314,0.06746031746031746,0.503968253968254,0.42857142857142855
0.75,0.08,0.0,0.0,252,1.0,0.2619047619047619,0.2619047619047619,0.0,0.0873015873015873,0.48412698412698413,0.42857142857142855
0.75,0.08,0.0,0.02,252,1.0,0.2619047619047619,0.2619047619047619,0.0,0.0873015873015873,0.48412698412698413,0.42857142857142855
0.75,0.08,0.0,0.05,252,1.0,0.2619047619047619,0.2619047619047619,0.0,0.0873015873015873,0.48412698412698413,0.42857142857142855
0.75,0.08,0.0,0.1,252,1.0,0.2619047619047619,0.2619047619047619,0.0,0.0873015873015873,0.48412698412698413,0.42857142857142855
0.75,0.08,0.9,0.0,252,1.0,0.2619047619047619,0.2619047619047619,0.0,0.0873015873015873,0.48412698412698413,0.42857142857142855
0.75,0.08,0.9,0.02,252,0.9722222222222222,0.2619047619047619,0.2693877551020408,0.02777777777777779,0.0873015873015873,0.48412698412698413,0.42857142857142855
0.75,0.08,0.9,0.05,252,0.9563492063492064,0.2619047619047619,0.27385892116182575,0.04365079365079361,0.0873015873015873,0.48412698412698413,0.42857142857142855
0.75,0.08,0.9,0.1,252,0.9444444444444444,0.2619047619047619,0.2773109243697479,0.05555555555555558,0.0873015873015873,0.48412698412698413,0.42857142857142855
0.75,0.08,0.925,0.0,252,1.0,0.2619047619047619,0.2619047619047619,0.0,0.0873015873015873,0.48412698412698413,0.42857142857142855
0.75,0.08,0.925,0.02,252,0.9246031746031746,0.25793650793650796,0.27896995708154504,0.07539682539682535,0.0873015873015873,0.48412698412698413,0.42857142857142855
0.75,0.08,0.925,0.05,252,0.8849206349206349,0.25793650793650796,0.2914798206278027,0.11507936507936511,0.0873015873015873,0.48412698412698413,0.42857142857142855
0.75,0.08,0.925,0.1,252,0.8253968253968254,0.25793650793650796,0.3125,0.17460317460317465,0.0873015873015873,0.48412698412698413,0.42857142857142855
0.75,0.08,0.95,0.0,252,1.0,0.2619047619047619,0.2619047619047619,0.0,0.0873015873015873,0.48412698412698413,0.42857142857142855
0.75,0.08,0.95,0.02,252,0.8690476190476191,0.25396825396825395,0.2922374429223744,0.13095238095238093,0.0873015873015873,0.48412698412698413,0.42857142857142855
0.75,0.08,0.95,0.05,252,0.7698412698412699,0.25396825396825395,0.32989690721649484,0.23015873015873012,0.0873015873015873,0.48412698412698413,0.42857142857142855
0.75,0.08,0.95,0.1,252,0.6626984126984127,0.25,0.3772455089820359,0.3373015873015873,0.0873015873015873,0.48412698412698413,0.42857142857142855
0.75,0.1,0.0,0.0,252,1.0,0.26587301587301587,0.26587301587301587,0.0,0.10714285714285714,0.4642857142857143,0.42857142857142855
0.75,0.1,0.0,0.02,252,1.0,0.26587301587301587,0.26587301587301587,0.0,0.10714285714285714,0.4642857142857143,0.42857142857142855
0.75,0.1,0.0,0.05,252,1.0,0.26587301587301587,0.26587301587301587,0.0,0.10714285714285714,0.4642857142857143,0.42857142857142855
0.75,0.1,0.0,0.1,252,1.0,0.26587301587301587,0.26587301587301587,0.0,0.10714285714285714,0.4642857142857143,0.42857142857142855
0.75,0.1,0.9,0.0,252,1.0,0.26587301587301587,0.26587301587301587,0.0,0.10714285714285714,0.4642857142857143,0.42857142857142855
0.75,0.1,0.9,0.02,252,0.9722222222222222,0.26587301587301587,0.27346938775510204,0.02777777777777779,0.10714285714285714,0.4642857142857143,0.42857142857142855
0.75,0.1,0.9,0.05,252,0.9563492063492064,0.26587301587301587,0.27800829875518673,0.04365079365079361,0.10714285714285714,0.4642857142857143,0.42857142857142855
0.75,0.1,0.9,0.1,252,0.9484126984126984,0.26587301587301587,0.2803347280334728,0.051587301587301626,0.10714285714285714,0.4642857142857143,0.42857142857142855
0.75,0.1,0.925,0.0,252,1.0,0.26587301587301587,0.26587301587301587,0.0,0.10714285714285714,0.4642857142857143,0.42857142857142855
0.75,0.1,0.925,0.02,252,0.9246031746031746,0.2619047619047619,0.2832618025751073,0.07539682539682535,0.10714285714285714,0.4642857142857143,0.42857142857142855
0.75,0.1,0.925,0.05,252,0.8849206349206349,0.2619047619047619,0.29596412556053814,0.11507936507936511,0.10714285714285714,0.4642857142857143,0.42857142857142855
0.75,0.1,0.925,0.1,252,0.8412698412698413,0.2619047619047619,0.3113207547169811,0.15873015873015872,0.10714285714285714,0.4642857142857143,0.42857142857142855
0.75,0.1,0.95,0.0,252,1.0,0.26587301587301587,0.26587301587301587,0.0,0.10714285714285714,0.4642857142857143,0.42857142857142855
0.75,0.1,0.95,0.02,252,0.8690476190476191,0.25793650793650796,0.2968036529680365,0.13095238095238093,0.10714285714285714,0.4642857142857143,0.42857142857142855
0.75,0.1,0.95,0.05,252,0.7698412698412699,0.25793650793650796,0.33505154639175255,0.23015873015873012,0.10714285714285714,0.4642857142857143,0.42857142857142855
0.75,0.1,0.95,0.1,252,0.6785714285714286,0.25396825396825395,0.3742690058479532,0.3214285714285714,0.10714285714285714,0.4642857142857143,0.42857142857142855
0.75,0.15,0.0,0.0,252,1.0,0.2698412698412698,0.2698412698412698,0.0,0.12698412698412698,0.4444444444444444,0.42857142857142855
0.75,0.15,0.0,0.02,252,1.0,0.2698412698412698,0.2698412698412698,0.0,0.12698412698412698,0.4444444444444444,0.42857142857142855
0.75,0.15,0.0,0.05,252,1.0,0.2698412698412698,0.2698412698412698,0.0,0.12698412698412698,0.4444444444444444,0.42857142857142855
0.75,0.15,0.0,0.1,252,1.0,0.2698412698412698,0.2698412698412698,0.0,0.12698412698412698,0.4444444444444444,0.42857142857142855
0.75,0.15,0.9,0.0,252,1.0,0.2698412698412698,0.2698412698412698,0.0,0.12698412698412698,0.4444444444444444,0.42857142857142855
0.75,0.15,0.9,0.02,252,0.9722222222222222,0.2698412698412698,0.27755102040816326,0.02777777777777779,0.12698412698412698,0.4444444444444444,0.42857142857142855
0.75,0.15,0.9,0.05,252,0.9563492063492064,0.2698412698412698,0.2821576763485477,0.04365079365079361,0.12698412698412698,0.4444444444444444,0.42857142857142855
0.75,0.15,0.9,0.1,252,0.9484126984126984,0.2698412698412698,0.28451882845188287,0.051587301587301626,0.12698412698412698,0.4444444444444444,0.42857142857142855
0.75,0.15,0.925,0.0,252,1.0,0.2698412698412698,0.2698412698412698,0.0,0.12698412698412698,0.4444444444444444,0.42857142857142855
0.75,0.15,0.925,0.02,252,0.9246031746031746,0.26587301587301587,0.2875536480686695,0.07539682539682535,0.12698412698412698,0.4444444444444444,0.42857142857142855
0.75,0.15,0.925,0.05,252,0.8849206349206349,0.26587301587301587,0.3004484304932735,0.11507936507936511,0.12698412698412698,0.4444444444444444,0.42857142857142855
0.75,0.15,0.925,0.1,252,0.8412698412698413,0.26587301587301587,0.3160377358490566,0.15873015873015872,0.12698412698412698,0.4444444444444444,0.42857142857142855
0.75,0.15,0.95,0.0,252,1.0,0.2698412698412698,0.2698412698412698,0.0,0.12698412698412698,0.4444444444444444,0.42857142857142855
0.75,0.15,0.95,0.02,252,0.8690476190476191,0.2619047619047619,0.3013698630136986,0.13095238095238093,0.12698412698412698,0.4444444444444444,0.42857142857142855
0.75,0.15,0.95,0.05,252,0.7698412698412699,0.2619047619047619,0.3402061855670103,0.23015873015873012,0.12698412698412698,0.4444444444444444,0.42857142857142855
0.75,0.15,0.95,0.1,252,0.6785714285714286,0.25793650793650796,0.38011695906432746,0.3214285714285714,0.12698412698412698,0.4444444444444444,0.42857142857142855
0.75,0.25,0.0,0.0,252,1.0,0.2698412698412698,0.2698412698412698,0.0,0.14682539682539683,0.4246031746031746,0.42857142857142855
0.75,0.25,0.0,0.02,252,1.0,0.2698412698412698,0.2698412698412698,0.0,0.14682539682539683,0.4246031746031746,0.42857142857142855
0.75,0.25,0.0,0.05,252,1.0,0.2698412698412698,0.2698412698412698,0.0,0.14682539682539683,0.4246031746031746,0.42857142857142855
0.75,0.25,0.0,0.1,252,1.0,0.2698412698412698,0.2698412698412698,0.0,0.14682539682539683,0.4246031746031746,0.42857142857142855
0.75,0.25,0.9,0.0,252,1.0,0.2698412698412698,0.2698412698412698,0.0,0.14682539682539683,0.4246031746031746,0.42857142857142855
0.75,0.25,0.9,0.02,252,0.9722222222222222,0.2698412698412698,0.27755102040816326,0.02777777777777779,0.14682539682539683,0.4246031746031746,0.42857142857142855
0.75,0.25,0.9,0.05,252,0.9563492063492064,0.2698412698412698,0.2821576763485477,0.04365079365079361,0.14682539682539683,0.4246031746031746,0.42857142857142855
0.75,0.25,0.9,0.1,252,0.9484126984126984,0.2698412698412698,0.28451882845188287,0.051587301587301626,0.14682539682539683,0.4246031746031746,0.42857142857142855
0.75,0.25,0.925,0.0,252,1.0,0.2698412698412698,0.2698412698412698,0.0,0.14682539682539683,0.4246031746031746,0.42857142857142855
0.75,0.25,0.925,0.02,252,0.9246031746031746,0.26587301587301587,0.2875536480686695,0.07539682539682535,0.14682539682539683,0.4246031746031746,0.42857142857142855
0.75,0.25,0.925,0.05,252,0.8849206349206349,0.26587301587301587,0.3004484304932735,0.11507936507936511,0.14682539682539683,0.4246031746031746,0.42857142857142855
0.75,0.25,0.925,0.1,252,0.8412698412698413,0.26587301587301587,0.3160377358490566,0.15873015873015872,0.14682539682539683,0.4246031746031746,0.42857142857142855
0.75,0.25,0.95,0.0,252,1.0,0.2698412698412698,0.2698412698412698,0.0,0.14682539682539683,0.4246031746031746,0.42857142857142855
0.75,0.25,0.95,0.02,252,0.8690476190476191,0.2619047619047619,0.3013698630136986,0.13095238095238093,0.14682539682539683,0.4246031746031746,0.42857142857142855
0.75,0.25,0.95,0.05,252,0.7698412698412699,0.2619047619047619,0.3402061855670103,0.23015873015873012,0.14682539682539683,0.4246031746031746,0.42857142857142855
0.75,0.25,0.95,0.1,252,0.6785714285714286,0.25793650793650796,0.38011695906432746,0.3214285714285714,0.14682539682539683,0.4246031746031746,0.42857142857142855
0.75,1.0,0.0,0.0,252,1.0,0.2698412698412698,0.2698412698412698,0.0,0.14682539682539683,0.4246031746031746,0.42857142857142855
0.75,1.0,0.0,0.02,252,1.0,0.2698412698412698,0.2698412698412698,0.0,0.14682539682539683,0.4246031746031746,0.42857142857142855
0.75,1.0,0.0,0.05,252,1.0,0.2698412698412698,0.2698412698412698,0.0,0.14682539682539683,0.4246031746031746,0.42857142857142855
0.75,1.0,0.0,0.1,252,1.0,0.2698412698412698,0.2698412698412698,0.0,0.14682539682539683,0.4246031746031746,0.42857142857142855
0.75,1.0,0.9,0.0,252,1.0,0.2698412698412698,0.2698412698412698,0.0,0.14682539682539683,0.4246031746031746,0.42857142857142855
0.75,1.0,0.9,0.02,252,0.9722222222222222,0.2698412698412698,0.27755102040816326,0.02777777777777779,0.14682539682539683,0.4246031746031746,0.42857142857142855
0.75,1.0,0.9,0.05,252,0.9563492063492064,0.2698412698412698,0.2821576763485477,0.04365079365079361,0.14682539682539683,0.4246031746031746,0.42857142857142855
0.75,1.0,0.9,0.1,252,0.9484126984126984,0.2698412698412698,0.28451882845188287,0.051587301587301626,0.14682539682539683,0.4246031746031746,0.42857142857142855
0.75,1.0,0.925,0.0,252,1.0,0.2698412698412698,0.2698412698412698,0.0,0.14682539682539683,0.4246031746031746,0.42857142857142855
0.75,1.0,0.925,0.02,252,0.9246031746031746,0.26587301587301587,0.2875536480686695,0.07539682539682535,0.14682539682539683,0.4246031746031746,0.42857142857142855
0.75,1.0,0.925,0.05,252,0.8849206349206349,0.26587301587301587,0.3004484304932735,0.11507936507936511,0.14682539682539683,0.4246031746031746,0.42857142857142855
0.75,1.0,0.925,0.1,252,0.8412698412698413,0.26587301587301587,0.3160377358490566,0.15873015873015872,0.14682539682539683,0.4246031746031746,0.42857142857142855
0.75,1.0,0.95,0.0,252,1.0,0.2698412698412698,0.2698412698412698,0.0,0.14682539682539683,0.4246031746031746,0.42857142857142855
0.75,1.0,0.95,0.02,252,0.8690476190476191,0.2619047619047619,0.3013698630136986,0.13095238095238093,0.14682539682539683,0.4246031746031746,0.42857142857142855
0.75,1.0,0.95,0.05,252,0.7698412698412699,0.2619047619047619,0.3402061855670103,0.23015873015873012,0.14682539682539683,0.4246031746031746,0.42857142857142855
0.75,1.0,0.95,0.1,252,0.6785714285714286,0.25793650793650796,0.38011695906432746,0.3214285714285714,0.14682539682539683,0.4246031746031746,0.42857142857142855
1.0,0.02,0.0,0.0,252,1.0,0.25,0.25,0.0,0.027777777777777776,0.5436507936507936,0.42857142857142855
1.0,0.02,0.0,0.02,252,1.0,0.25,0.25,0.0,0.027777777777777776,0.5436507936507936,0.42857142857142855
1.0,0.02,0.0,0.05,252,1.0,0.25,0.25,0.0,0.027777777777777776,0.5436507936507936,0.42857142857142855
1.0,0.02,0.0,0.1,252,1.0,0.25,0.25,0.0,0.027777777777777776,0.5436507936507936,0.42857142857142855
1.0,0.02,0.9,0.0,252,1.0,0.25,0.25,0.0,0.027777777777777776,0.5436507936507936,0.42857142857142855
1.0,0.02,0.9,0.02,252,0.9722222222222222,0.25,0.2571428571428571,0.02777777777777779,0.027777777777777776,0.5436507936507936,0.42857142857142855
1.0,0.02,0.9,0.05,252,0.9523809523809523,0.25,0.2625,0.04761904761904767,0.027777777777777776,0.5436507936507936,0.42857142857142855
1.0,0.02,0.9,0.1,252,0.9365079365079365,0.25,0.2669491525423729,0.06349206349206349,0.027777777777777776,0.5436507936507936,0.42857142857142855
1.0,0.02,0.925,0.0,252,1.0,0.25,0.25,0.0,0.027777777777777776,0.5436507936507936,0.42857142857142855
1.0,0.02,0.925,0.02,252,0.9206349206349206,0.24603174603174602,0.2672413793103448,0.07936507936507942,0.027777777777777776,0.5436507936507936,0.42857142857142855
1.0,0.02,0.925,0.05,252,0.8650793650793651,0.24603174603174602,0.28440366972477066,0.13492063492063489,0.027777777777777776,0.5436507936507936,0.42857142857142855
1.0,0.02,0.925,0.1,252,0.7817460317460317,0.24603174603174602,0.3147208121827411,0.21825396825396826,0.027777777777777776,0.5436507936507936,0.42857142857142855
1.0,0.02,0.95,0.0,252,1.0,0.25,0.25,0.0,0.027777777777777776,0.5436507936507936,0.42857142857142855
1.0,0.02,0.95,0.02,252,0.8650793650793651,0.24206349206349206,0.2798165137614679,0.13492063492063489,0.027777777777777776,0.5436507936507936,0.42857142857142855
1.0,0.02,0.95,0.05,252,0.75,0.24206349206349206,0.32275132275132273,0.25,0.027777777777777776,0.5436507936507936,0.42857142857142855
1.0,0.02,0.95,0.1,252,0.6071428571428571,0.23809523809523808,0.39215686274509803,0.3928571428571429,0.027777777777777776,0.5436507936507936,0.42857142857142855
1.0,0.04,0.0,0.0,252,1.0,0.25396825396825395,0.25396825396825395,0.0,0.03968253968253968,0.5317460317460317,0.42857142857142855
1.0,0.04,0.0,0.02,252,1.0,0.25396825396825395,0.25396825396825395,0.0,0.03968253968253968,0.5317460317460317,0.42857142857142855
1.0,0.04,0.0,0.05,252,1.0,0.25396825396825395,0.25396825396825395,0.0,0.03968253968253968,0.5317460317460317,0.42857142857142855
1.0,0.04,0.0,0.1,252,1.0,0.25396825396825395,0.25396825396825395,0.0,0.03968253968253968,0.5317460317460317,0.42857142857142855
1.0,0.04,0.9,0.0,252,1.0,0.25396825396825395,0.25396825396825395,0.0,0.03968253968253968,0.5317460317460317,0.42857142857142855
1.0,0.04,0.9,0.02,252,0.9722222222222222,0.25396825396825395,0.2612244897959184,0.02777777777777779,0.03968253968253968,0.5317460317460317,0.42857142857142855
1.0,0.04,0.9,0.05,252,0.9563492063492064,0.25396825396825395,0.26556016597510373,0.04365079365079361,0.03968253968253968,0.5317460317460317,0.42857142857142855
1.0,0.04,0.9,0.1,252,0.9404761904761905,0.25396825396825395,0.270042194092827,0.059523809523809534,0.03968253968253968,0.5317460317460317,0.42857142857142855
1.0,0.04,0.925,0.0,252,1.0,0.25396825396825395,0.25396825396825395,0.0,0.03968253968253968,0.5317460317460317,0.42857142857142855
1.0,0.04,0.925,0.02,252,0.9206349206349206,0.25,0.27155172413793105,0.07936507936507942,0.03968253968253968,0.5317460317460317,0.42857142857142855
1.0,0.04,0.925,0.05,252,0.876984126984127,0.25,0.2850678733031674,0.12301587301587302,0.03968253968253968,0.5317460317460317,0.42857142857142855
1.0,0.04,0.925,0.1,252,0.7936507936507936,0.25,0.315,0.2063492063492064,0.03968253968253968,0.5317460317460317,0.42857142857142855
1.0,0.04,0.95,0.0,252,1.0,0.25396825396825395,0.25396825396825395,0.0,0.03968253968253968,0.5317460317460317,0.42857142857142855
1.0,0.04,0.95,0.02,252,0.8650793650793651,0.24603174603174602,0.28440366972477066,0.13492063492063489,0.03968253968253968,0.5317460317460317,0.42857142857142855
1.0,0.04,0.95,0.05,252,0.7619047619047619,0.24603174603174602,0.3229166666666667,0.23809523809523814,0.03968253968253968,0.5317460317460317,0.42857142857142855
1.0,0.04,0.95,0.1,252,0.6190476190476191,0.24206349206349206,0.391025641025641,0.38095238095238093,0.03968253968253968,0.5317460317460317,0.42857142857142855
1.0,0.06,0.0,0.0,252,1.0,0.25396825396825395,0.25396825396825395,0.0,0.05952380952380952,0.5119047619047619,0.42857142857142855
1.0,0.06,0.0,0.02,252,1.0,0.25396825396825395,0.25396825396825395,0.0,0.05952380952380952,0.5119047619047619,0.42857142857142855
1.0,0.06,0.0,0.05,252,1.0,0.25396825396825395,0.25396825396825395,0.0,0.05952380952380952,0.5119047619047619,0.42857142857142855
1.0,0.06,0.0,0.1,252,1.0,0.25396825396825395,0.25396825396825395,0.0,0.05952380952380952,0.5119047619047619,0.42857142857142855
1.0,0.06,0.9,0.0,252,1.0,0.25396825396825395,0.25396825396825395,0.0,0.05952380952380952,0.5119047619047619,0.42857142857142855
1.0,0.06,0.9,0.02,252,0.9722222222222222,0.25396825396825395,0.2612244897959184,0.02777777777777779,0.05952380952380952,0.5119047619047619,0.42857142857142855
1.0,0.06,0.9,0.05,252,0.9563492063492064,0.25396825396825395,0.26556016597510373,0.04365079365079361,0.05952380952380952,0.5119047619047619,0.42857142857142855
1.0,0.06,0.9,0.1,252,0.9404761904761905,0.25396825396825395,0.270042194092827,0.059523809523809534,0.05952380952380952,0.5119047619047619,0.42857142857142855
1.0,0.06,0.925,0.0,252,1.0,0.25396825396825395,0.25396825396825395,0.0,0.05952380952380952,0.5119047619047619,0.42857142857142855
1.0,0.06,0.925,0.02,252,0.9206349206349206,0.25,0.27155172413793105,0.07936507936507942,0.05952380952380952,0.5119047619047619,0.42857142857142855
1.0,0.06,0.925,0.05,252,0.8809523809523809,0.25,0.28378378378378377,0.11904761904761907,0.05952380952380952,0.5119047619047619,0.42857142857142855
1.0,0.06,0.925,0.1,252,0.8055555555555556,0.25,0.3103448275862069,0.19444444444444442,0.05952380952380952,0.5119047619047619,0.42857142857142855
1.0,0.06,0.95,0.0,252,1.0,0.25396825396825395,0.25396825396825395,0.0,0.05952380952380952,0.5119047619047619,0.42857142857142855
1.0,0.06,0.95,0.02,252,0.8650793650793651,0.24603174603174602,0.28440366972477066,0.13492063492063489,0.05952380952380952,0.5119047619047619,0.42857142857142855
1.0,0.06,0.95,0.05,252,0.7658730158730159,0.24603174603174602,0.32124352331606215,0.23412698412698407,0.05952380952380952,0.5119047619047619,0.42857142857142855
1.0,0.06,0.95,0.1,252,0.6388888888888888,0.24206349206349206,0.37888198757763975,0.36111111111111116,0.05952380952380952,0.5119047619047619,0.42857142857142855
1.0,0.08,0.0,0.0,252,1.0,0.2619047619047619,0.2619047619047619,0.0,0.07936507936507936,0.49206349206349204,0.42857142857142855
1.0,0.08,0.0,0.02,252,1.0,0.2619047619047619,0.2619047619047619,0.0,0.07936507936507936,0.49206349206349204,0.42857142857142855
1.0,0.08,0.0,0.05,252,1.0,0.2619047619047619,0.2619047619047619,0.0,0.07936507936507936,0.49206349206349204,0.42857142857142855
1.0,0.08,0.0,0.1,252,1.0,0.2619047619047619,0.2619047619047619,0.0,0.07936507936507936,0.49206349206349204,0.42857142857142855
1.0,0.08,0.9,0.0,252,1.0,0.2619047619047619,0.2619047619047619,0.0,0.07936507936507936,0.49206349206349204,0.42857142857142855
1.0,0.08,0.9,0.02,252,0.9722222222222222,0.2619047619047619,0.2693877551020408,0.02777777777777779,0.07936507936507936,0.49206349206349204,0.42857142857142855
1.0,0.08,0.9,0.05,252,0.9563492063492064,0.2619047619047619,0.27385892116182575,0.04365079365079361,0.07936507936507936,0.49206349206349204,0.42857142857142855
1.0,0.08,0.9,0.1,252,0.9444444444444444,0.2619047619047619,0.2773109243697479,0.05555555555555558,0.07936507936507936,0.49206349206349204,0.42857142857142855
1.0,0.08,0.925,0.0,252,1.0,0.2619047619047619,0.2619047619047619,0.0,0.07936507936507936,0.49206349206349204,0.42857142857142855
1.0,0.08,0.925,0.02,252,0.9206349206349206,0.25793650793650796,0.2801724137931034,0.07936507936507942,0.07936507936507936,0.49206349206349204,0.42857142857142855
1.0,0.08,0.925,0.05,252,0.8809523809523809,0.25793650793650796,0.2927927927927928,0.11904761904761907,0.07936507936507936,0.49206349206349204,0.42857142857142855
1.0,0.08,0.925,0.1,252,0.8174603174603174,0.25793650793650796,0.3155339805825243,0.18253968253968256,0.07936507936507936,0.49206349206349204,0.42857142857142855
1.0,0.08,0.95,0.0,252,1.0,0.2619047619047619,0.2619047619047619,0.0,0.07936507936507936,0.49206349206349204,0.42857142857142855
1.0,0.08,0.95,0.02,252,0.8650793650793651,0.25396825396825395,0.29357798165137616,0.13492063492063489,0.07936507936507936,0.49206349206349204,0.42857142857142855
1.0,0.08,0.95,0.05,252,0.7658730158730159,0.25396825396825395,0.3316062176165803,0.23412698412698407,0.07936507936507936,0.49206349206349204,0.42857142857142855
1.0,0.08,0.95,0.1,252,0.6547619047619048,0.25,0.38181818181818183,0.34523809523809523,0.07936507936507936,0.49206349206349204,0.42857142857142855
1.0,0.1,0.0,0.0,252,1.0,0.2619047619047619,0.2619047619047619,0.0,0.09523809523809523,0.47619047619047616,0.42857142857142855
1.0,0.1,0.0,0.02,252,1.0,0.2619047619047619,0.2619047619047619,0.0,0.09523809523809523,0.47619047619047616,0.42857142857142855
1.0,0.1,0.0,0.05,252,1.0,0.2619047619047619,0.2619047619047619,0.0,0.09523809523809523,0.47619047619047616,0.42857142857142855
1.0,0.1,0.0,0.1,252,1.0,0.2619047619047619,0.2619047619047619,0.0,0.09523809523809523,0.47619047619047616,0.42857142857142855
1.0,0.1,0.9,0.0,252,1.0,0.2619047619047619,0.2619047619047619,0.0,0.09523809523809523,0.47619047619047616,0.42857142857142855
1.0,0.1,0.9,0.02,252,0.9722222222222222,0.2619047619047619,0.2693877551020408,0.02777777777777779,0.09523809523809523,0.47619047619047616,0.42857142857142855
1.0,0.1,0.9,0.05,252,0.9563492063492064,0.2619047619047619,0.27385892116182575,0.04365079365079361,0.09523809523809523,0.47619047619047616,0.42857142857142855
1.0,0.1,0.9,0.1,252,0.9484126984126984,0.2619047619047619,0.27615062761506276,0.051587301587301626,0.09523809523809523,0.47619047619047616,0.42857142857142855
1.0,0.1,0.925,0.0,252,1.0,0.2619047619047619,0.2619047619047619,0.0,0.09523809523809523,0.47619047619047616,0.42857142857142855
1.0,0.1,0.925,0.02,252,0.9206349206349206,0.25793650793650796,0.2801724137931034,0.07936507936507942,0.09523809523809523,0.47619047619047616,0.42857142857142855
1.0,0.1,0.925,0.05,252,0.8809523809523809,0.25793650793650796,0.2927927927927928,0.11904761904761907,0.09523809523809523,0.47619047619047616,0.42857142857142855
1.0,0.1,0.925,0.1,252,0.8333333333333334,0.25793650793650796,0.30952380952380953,0.16666666666666663,0.09523809523809523,0.47619047619047616,0.42857142857142855
1.0,0.1,0.95,0.0,252,1.0,0.2619047619047619,0.2619047619047619,0.0,0.09523809523809523,0.47619047619047616,0.42857142857142855
1.0,0.1,0.95,0.02,252,0.8650793650793651,0.25396825396825395,0.29357798165137616,0.13492063492063489,0.09523809523809523,0.47619047619047616,0.42857142857142855
1.0,0.1,0.95,0.05,252,0.7658730158730159,0.25396825396825395,0.3316062176165803,0.23412698412698407,0.09523809523809523,0.47619047619047616,0.42857142857142855
1.0,0.1,0.95,0.1,252,0.6706349206349206,0.25,0.3727810650887574,0.3293650793650794,0.09523809523809523,0.47619047619047616,0.42857142857142855
1.0,0.15,0.0,0.0,252,1.0,0.2619047619047619,0.2619047619047619,0.0,0.10714285714285714,0.4642857142857143,0.42857142857142855
1.0,0.15,0.0,0.02,252,1.0,0.2619047619047619,0.2619047619047619,0.0,0.10714285714285714,0.4642857142857143,0.42857142857142855
1.0,0.15,0.0,0.05,252,1.0,0.2619047619047619,0.2619047619047619,0.0,0.10714285714285714,0.4642857142857143,0.42857142857142855
1.0,0.15,0.0,0.1,252,1.0,0.2619047619047619,0.2619047619047619,0.0,0.10714285714285714,0.4642857142857143,0.42857142857142855
1.0,0.15,0.9,0.0,252,1.0,0.2619047619047619,0.2619047619047619,0.0,0.10714285714285714,0.4642857142857143,0.42857142857142855
1.0,0.15,0.9,0.02,252,0.9722222222222222,0.2619047619047619,0.2693877551020408,0.02777777777777779,0.10714285714285714,0.4642857142857143,0.42857142857142855
1.0,0.15,0.9,0.05,252,0.9563492063492064,0.2619047619047619,0.27385892116182575,0.04365079365079361,0.10714285714285714,0.4642857142857143,0.42857142857142855
1.0,0.15,0.9,0.1,252,0.9484126984126984,0.2619047619047619,0.27615062761506276,0.051587301587301626,0.10714285714285714,0.4642857142857143,0.42857142857142855
1.0,0.15,0.925,0.0,252,1.0,0.2619047619047619,0.2619047619047619,0.0,0.10714285714285714,0.4642857142857143,0.42857142857142855
1.0,0.15,0.925,0.02,252,0.9206349206349206,0.25793650793650796,0.2801724137931034,0.07936507936507942,0.10714285714285714,0.4642857142857143,0.42857142857142855
1.0,0.15,0.925,0.05,252,0.8809523809523809,0.25793650793650796,0.2927927927927928,0.11904761904761907,0.10714285714285714,0.4642857142857143,0.42857142857142855
1.0,0.15,0.925,0.1,252,0.8333333333333334,0.25793650793650796,0.30952380952380953,0.16666666666666663,0.10714285714285714,0.4642857142857143,0.42857142857142855
1.0,0.15,0.95,0.0,252,1.0,0.2619047619047619,0.2619047619047619,0.0,0.10714285714285714,0.4642857142857143,0.42857142857142855
1.0,0.15,0.95,0.02,252,0.8650793650793651,0.25396825396825395,0.29357798165137616,0.13492063492063489,0.10714285714285714,0.4642857142857143,0.42857142857142855
1.0,0.15,0.95,0.05,252,0.7658730158730159,0.25396825396825395,0.3316062176165803,0.23412698412698407,0.10714285714285714,0.4642857142857143,0.42857142857142855
1.0,0.15,0.95,0.1,252,0.6706349206349206,0.25,0.3727810650887574,0.3293650793650794,0.10714285714285714,0.4642857142857143,0.42857142857142855
1.0,0.25,0.0,0.0,252,1.0,0.2619047619047619,0.2619047619047619,0.0,0.12301587301587301,0.44841269841269843,0.42857142857142855
1.0,0.25,0.0,0.02,252,1.0,0.2619047619047619,0.2619047619047619,0.0,0.12301587301587301,0.44841269841269843,0.42857142857142855
1.0,0.25,0.0,0.05,252,1.0,0.2619047619047619,0.2619047619047619,0.0,0.12301587301587301,0.44841269841269843,0.42857142857142855
1.0,0.25,0.0,0.1,252,1.0,0.2619047619047619,0.2619047619047619,0.0,0.12301587301587301,0.44841269841269843,0.42857142857142855
1.0,0.25,0.9,0.0,252,1.0,0.2619047619047619,0.2619047619047619,0.0,0.12301587301587301,0.44841269841269843,0.42857142857142855
1.0,0.25,0.9,0.02,252,0.9722222222222222,0.2619047619047619,0.2693877551020408,0.02777777777777779,0.12301587301587301,0.44841269841269843,0.42857142857142855
1.0,0.25,0.9,0.05,252,0.9563492063492064,0.2619047619047619,0.27385892116182575,0.04365079365079361,0.12301587301587301,0.44841269841269843,0.42857142857142855
1.0,0.25,0.9,0.1,252,0.9484126984126984,0.2619047619047619,0.27615062761506276,0.051587301587301626,0.12301587301587301,0.44841269841269843,0.42857142857142855
1.0,0.25,0.925,0.0,252,1.0,0.2619047619047619,0.2619047619047619,0.0,0.12301587301587301,0.44841269841269843,0.42857142857142855
1.0,0.25,0.925,0.02,252,0.9206349206349206,0.25793650793650796,0.2801724137931034,0.07936507936507942,0.12301587301587301,0.44841269841269843,0.42857142857142855
1.0,0.25,0.925,0.05,252,0.8809523809523809,0.25793650793650796,0.2927927927927928,0.11904761904761907,0.12301587301587301,0.44841269841269843,0.42857142857142855
1.0,0.25,0.925,0.1,252,0.8333333333333334,0.25793650793650796,0.30952380952380953,0.16666666666666663,0.12301587301587301,0.44841269841269843,0.42857142857142855
1.0,0.25,0.95,0.0,252,1.0,0.2619047619047619,0.2619047619047619,0.0,0.12301587301587301,0.44841269841269843,0.42857142857142855
1.0,0.25,0.95,0.02,252,0.8650793650793651,0.25396825396825395,0.29357798165137616,0.13492063492063489,0.12301587301587301,0.44841269841269843,0.42857142857142855
1.0,0.25,0.95,0.05,252,0.7658730158730159,0.25396825396825395,0.3316062176165803,0.23412698412698407,0.12301587301587301,0.44841269841269843,0.42857142857142855
1.0,0.25,0.95,0.1,252,0.6706349206349206,0.25,0.3727810650887574,0.3293650793650794,0.12301587301587301,0.44841269841269843,0.42857142857142855
1.0,1.0,0.0,0.0,252,1.0,0.2619047619047619,0.2619047619047619,0.0,0.12301587301587301,0.44841269841269843,0.42857142857142855
1.0,1.0,0.0,0.02,252,1.0,0.2619047619047619,0.2619047619047619,0.0,0.12301587301587301,0.44841269841269843,0.42857142857142855
1.0,1.0,0.0,0.05,252,1.0,0.2619047619047619,0.2619047619047619,0.0,0.12301587301587301,0.44841269841269843,0.42857142857142855
1.0,1.0,0.0,0.1,252,1.0,0.2619047619047619,0.2619047619047619,0.0,0.12301587301587301,0.44841269841269843,0.42857142857142855
1.0,1.0,0.9,0.0,252,1.0,0.2619047619047619,0.2619047619047619,0.0,0.12301587301587301,0.44841269841269843,0.42857142857142855
1.0,1.0,0.9,0.02,252,0.9722222222222222,0.2619047619047619,0.2693877551020408,0.02777777777777779,0.12301587301587301,0.44841269841269843,0.42857142857142855
1.0,1.0,0.9,0.05,252,0.9563492063492064,0.2619047619047619,0.27385892116182575,0.04365079365079361,0.12301587301587301,0.44841269841269843,0.42857142857142855
1.0,1.0,0.9,0.1,252,0.9484126984126984,0.2619047619047619,0.27615062761506276,0.051587301587301626,0.12301587301587301,0.44841269841269843,0.42857142857142855
1.0,1.0,0.925,0.0,252,1.0,0.2619047619047619,0.2619047619047619,0.0,0.12301587301587301,0.44841269841269843,0.42857142857142855
1.0,1.0,0.925,0.02,252,0.9206349206349206,0.25793650793650796,0.2801724137931034,0.07936507936507942,0.12301587301587301,0.44841269841269843,0.42857142857142855
1.0,1.0,0.925,0.05,252,0.8809523809523809,0.25793650793650796,0.2927927927927928,0.11904761904761907,0.12301587301587301,0.44841269841269843,0.42857142857142855
1.0,1.0,0.925,0.1,252,0.8333333333333334,0.25793650793650796,0.30952380952380953,0.16666666666666663,0.12301587301587301,0.44841269841269843,0.42857142857142855
1.0,1.0,0.95,0.0,252,1.0,0.2619047619047619,0.2619047619047619,0.0,0.12301587301587301,0.44841269841269843,0.42857142857142855
1.0,1.0,0.95,0.02,252,0.8650793650793651,0.25396825396825395,0.29357798165137616,0.13492063492063489,0.12301587301587301,0.44841269841269843,0.42857142857142855
1.0,1.0,0.95,0.05,252,0.7658730158730159,0.25396825396825395,0.3316062176165803,0.23412698412698407,0.12301587301587301,0.44841269841269843,0.42857142857142855
1.0,1.0,0.95,0.1,252,0.6706349206349206,0.25,0.3727810650887574,0.3293650793650794,0.12301587301587301,0.44841269841269843,0.42857142857142855
1.5,0.02,0.0,0.0,252,1.0,0.24603174603174602,0.24603174603174602,0.0,0.01984126984126984,0.5515873015873016,0.42857142857142855
1.5,0.02,0.0,0.02,252,1.0,0.24603174603174602,0.24603174603174602,0.0,0.01984126984126984,0.5515873015873016,0.42857142857142855
1.5,0.02,0.0,0.05,252,1.0,0.24603174603174602,0.24603174603174602,0.0,0.01984126984126984,0.5515873015873016,0.42857142857142855
1.5,0.02,0.0,0.1,252,1.0,0.24603174603174602,0.24603174603174602,0.0,0.01984126984126984,0.5515873015873016,0.42857142857142855
1.5,0.02,0.9,0.0,252,1.0,0.24603174603174602,0.24603174603174602,0.0,0.01984126984126984,0.5515873015873016,0.42857142857142855
1.5,0.02,0.9,0.02,252,0.9682539682539683,0.24603174603174602,0.2540983606557377,0.031746031746031744,0.01984126984126984,0.5515873015873016,0.42857142857142855
1.5,0.02,0.9,0.05,252,0.9484126984126984,0.24603174603174602,0.2594142259414226,0.051587301587301626,0.01984126984126984,0.5515873015873016,0.42857142857142855
1.5,0.02,0.9,0.1,252,0.9325396825396826,0.24603174603174602,0.26382978723404255,0.06746031746031744,0.01984126984126984,0.5515873015873016,0.42857142857142855
1.5,0.02,0.925,0.0,252,1.0,0.24603174603174602,0.24603174603174602,0.0,0.01984126984126984,0.5515873015873016,0.42857142857142855
1.5,0.02,0.925,0.02,252,0.9166666666666666,0.24206349206349206,0.26406926406926406,0.08333333333333337,0.01984126984126984,0.5515873015873016,0.42857142857142855
1.5,0.02,0.925,0.05,252,0.8611111111111112,0.24206349206349206,0.28110599078341014,0.13888888888888884,0.01984126984126984,0.5515873015873016,0.42857142857142855
1.5,0.02,0.925,0.1,252,0.7777777777777778,0.24206349206349206,0.3112244897959184,0.2222222222222222,0.01984126984126984,0.5515873015873016,0.42857142857142855
1.5,0.02,0.95,0.0,252,1.0,0.24603174603174602,0.24603174603174602,0.0,0.01984126984126984,0.5515873015873016,0.42857142857142855
1.5,0.02,0.95,0.02,252,0.8571428571428571,0.23809523809523808,0.2777777777777778,0.1428571428571429,0.01984126984126984,0.5515873015873016,0.42857142857142855
1.5,0.02,0.95,0.05,252,0.7420634920634921,0.23809523809523808,0.32085561497326204,0.2579365079365079,0.01984126984126984,0.5515873015873016,0.42857142857142855
1.5,0.02,0.95,0.1,252,0.5992063492063492,0.23412698412698413,0.39072847682119205,0.4007936507936508,0.01984126984126984,0.5515873015873016,0.42857142857142855
1.5,0.04,0.0,0.0,252,1.0,0.25,0.25,0.0,0.031746031746031744,0.5396825396825397,0.42857142857142855
1.5,0.04,0.0,0.02,252,1.0,0.25,0.25,0.0,0.031746031746031744,0.5396825396825397,0.42857142857142855
1.5,0.04,0.0,0.05,252,1.0,0.25,0.25,0.0,0.031746031746031744,0.5396825396825397,0.42857142857142855
1.5,0.04,0.0,0.1,252,1.0,0.25,0.25,0.0,0.031746031746031744,0.5396825396825397,0.42857142857142855
1.5,0.04,0.9,0.0,252,1.0,0.25,0.25,0.0,0.031746031746031744,0.5396825396825397,0.42857142857142855
1.5,0.04,0.9,0.02,252,0.9682539682539683,0.25,0.2581967213114754,0.031746031746031744,0.031746031746031744,0.5396825396825397,0.42857142857142855
1.5,0.04,0.9,0.05,252,0.9523809523809523,0.25,0.2625,0.04761904761904767,0.031746031746031744,0.5396825396825397,0.42857142857142855
1.5,0.04,0.9,0.1,252,0.9365079365079365,0.25,0.2669491525423729,0.06349206349206349,0.031746031746031744,0.5396825396825397,0.42857142857142855
1.5,0.04,0.925,0.0,252,1.0,0.25,0.25,0.0,0.031746031746031744,0.5396825396825397,0.42857142857142855
1.5,0.04,0.925,0.02,252,0.9166666666666666,0.24603174603174602,0.2683982683982684,0.08333333333333337,0.031746031746031744,0.5396825396825397,0.42857142857142855
1.5,0.04,0.925,0.05,252,0.873015873015873,0.24603174603174602,0.2818181818181818,0.12698412698412698,0.031746031746031744,0.5396825396825397,0.42857142857142855
1.5,0.04,0.925,0.1,252,0.7896825396825397,0.24603174603174602,0.31155778894472363,0.21031746031746035,0.031746031746031744,0.5396825396825397,0.42857142857142855
1.5,0.04,0.95,0.0,252,1.0,0.25,0.25,0.0,0.031746031746031744,0.5396825396825397,0.42857142857142855
1.5,0.04,0.95,0.02,252,0.8571428571428571,0.24206349206349206,0.2824074074074074,0.1428571428571429,0.031746031746031744,0.5396825396825397,0.42857142857142855
1.5,0.04,0.95,0.05,252,0.753968253968254,0.24206349206349206,0.32105263157894737,0.24603174603174605,0.031746031746031744,0.5396825396825397,0.42857142857142855
1.5,0.04,0.95,0.1,252,0.6111111111111112,0.23809523809523808,0.38961038961038963,0.38888888888888884,0.031746031746031744,0.5396825396825397,0.42857142857142855
1.5,0.06,0.0,0.0,252,1.0,0.25,0.25,0.0,0.051587301587301584,0.5198412698412699,0.42857142857142855
1.5,0.06,0.0,0.02,252,1.0,0.25,0.25,0.0,0.051587301587301584,0.5198412698412699,0.42857142857142855
1.5,0.06,0.0,0.05,252,1.0,0.25,0.25,0.0,0.051587301587301584,0.5198412698412699,0.42857142857142855
1.5,0.06,0.0,0.1,252,1.0,0.25,0.25,0.0,0.051587301587301584,0.5198412698412699,0.42857142857142855
1.5,0.06,0.9,0.0,252,1.0,0.25,0.25,0.0,0.051587301587301584,0.5198412698412699,0.42857142857142855
1.5,0.06,0.9,0.02,252,0.9682539682539683,0.25,0.2581967213114754,0.031746031746031744,0.051587301587301584,0.5198412698412699,0.42857142857142855
1.5,0.06,0.9,0.05,252,0.9523809523809523,0.25,0.2625,0.04761904761904767,0.051587301587301584,0.5198412698412699,0.42857142857142855
1.5,0.06,0.9,0.1,252,0.9365079365079365,0.25,0.2669491525423729,0.06349206349206349,0.051587301587301584,0.5198412698412699,0.42857142857142855
1.5,0.06,0.925,0.0,252,1.0,0.25,0.25,0.0,0.051587301587301584,0.5198412698412699,0.42857142857142855
1.5,0.06,0.925,0.02,252,0.9166666666666666,0.24603174603174602,0.2683982683982684,0.08333333333333337,0.051587301587301584,0.5198412698412699,0.42857142857142855
1.5,0.06,0.925,0.05,252,0.876984126984127,0.24603174603174602,0.28054298642533937,0.12301587301587302,0.051587301587301584,0.5198412698412699,0.42857142857142855
1.5,0.06,0.925,0.1,252,0.8015873015873016,0.24603174603174602,0.3069306930693069,0.19841269841269837,0.051587301587301584,0.5198412698412699,0.42857142857142855
1.5,0.06,0.95,0.0,252,1.0,0.25,0.25,0.0,0.051587301587301584,0.5198412698412699,0.42857142857142855
1.5,0.06,0.95,0.02,252,0.8571428571428571,0.24206349206349206,0.2824074074074074,0.1428571428571429,0.051587301587301584,0.5198412698412699,0.42857142857142855
1.5,0.06,0.95,0.05,252,0.7579365079365079,0.24206349206349206,0.3193717277486911,0.2420634920634921,0.051587301587301584,0.5198412698412699,0.42857142857142855
1.5,0.06,0.95,0.1,252,0.6309523809523809,0.23809523809523808,0.37735849056603776,0.36904761904761907,0.051587301587301584,0.5198412698412699,0.42857142857142855
1.5,0.08,0.0,0.0,252,1.0,0.25793650793650796,0.25793650793650796,0.0,0.06349206349206349,0.5079365079365079,0.42857142857142855
1.5,0.08,0.0,0.02,252,1.0,0.25793650793650796,0.25793650793650796,0.0,0.06349206349206349,0.5079365079365079,0.42857142857142855
1.5,0.08,0.0,0.05,252,1.0,0.25793650793650796,0.25793650793650796,0.0,0.06349206349206349,0.5079365079365079,0.42857142857142855
1.5,0.08,0.0,0.1,252,1.0,0.25793650793650796,0.25793650793650796,0.0,0.06349206349206349,0.5079365079365079,0.42857142857142855
1.5,0.08,0.9,0.0,252,1.0,0.25793650793650796,0.25793650793650796,0.0,0.06349206349206349,0.5079365079365079,0.42857142857142855
1.5,0.08,0.9,0.02,252,0.9682539682539683,0.25793650793650796,0.26639344262295084,0.031746031746031744,0.06349206349206349,0.5079365079365079,0.42857142857142855
1.5,0.08,0.9,0.05,252,0.9523809523809523,0.25793650793650796,0.2708333333333333,0.04761904761904767,0.06349206349206349,0.5079365079365079,0.42857142857142855
1.5,0.08,0.9,0.1,252,0.9365079365079365,0.25793650793650796,0.2754237288135593,0.06349206349206349,0.06349206349206349,0.5079365079365079,0.42857142857142855
1.5,0.08,0.925,0.0,252,1.0,0.25793650793650796,0.25793650793650796,0.0,0.06349206349206349,0.5079365079365079,0.42857142857142855
1.5,0.08,0.925,0.02,252,0.9166666666666666,0.25396825396825395,0.27705627705627706,0.08333333333333337,0.06349206349206349,0.5079365079365079,0.42857142857142855
1.5,0.08,0.925,0.05,252,0.876984126984127,0.25396825396825395,0.2895927601809955,0.12301587301587302,0.06349206349206349,0.5079365079365079,0.42857142857142855
1.5,0.08,0.925,0.1,252,0.8055555555555556,0.25396825396825395,0.31527093596059114,0.19444444444444442,0.06349206349206349,0.5079365079365079,0.42857142857142855
1.5,0.08,0.95,0.0,252,1.0,0.25793650793650796,0.25793650793650796,0.0,0.06349206349206349,0.5079365079365079,0.42857142857142855
1.5,0.08,0.95,0.02,252,0.8571428571428571,0.25,0.2916666666666667,0.1428571428571429,0.06349206349206349,0.5079365079365079,0.42857142857142855
1.5,0.08,0.95,0.05,252,0.7579365079365079,0.25,0.3298429319371728,0.2420634920634921,0.06349206349206349,0.5079365079365079,0.42857142857142855
1.5,0.08,0.95,0.1,252,0.6388888888888888,0.24603174603174602,0.38509316770186336,0.36111111111111116,0.06349206349206349,0.5079365079365079,0.42857142857142855
1.5,0.1,0.0,0.0,252,1.0,0.25793650793650796,0.25793650793650796,0.0,0.07936507936507936,0.49206349206349204,0.42857142857142855
1.5,0.1,0.0,0.02,252,1.0,0.25793650793650796,0.25793650793650796,0.0,0.07936507936507936,0.49206349206349204,0.42857142857142855
1.5,0.1,0.0,0.05,252,1.0,0.25793650793650796,0.25793650793650796,0.0,0.07936507936507936,0.49206349206349204,0.42857142857142855
1.5,0.1,0.0,0.1,252,1.0,0.25793650793650796,0.25793650793650796,0.0,0.07936507936507936,0.49206349206349204,0.42857142857142855
1.5,0.1,0.9,0.0,252,1.0,0.25793650793650796,0.25793650793650796,0.0,0.07936507936507936,0.49206349206349204,0.42857142857142855
1.5,0.1,0.9,0.02,252,0.9682539682539683,0.25793650793650796,0.26639344262295084,0.031746031746031744,0.07936507936507936,0.49206349206349204,0.42857142857142855
1.5,0.1,0.9,0.05,252,0.9523809523809523,0.25793650793650796,0.2708333333333333,0.04761904761904767,0.07936507936507936,0.49206349206349204,0.42857142857142855
1.5,0.1,0.9,0.1,252,0.9404761904761905,0.25793650793650796,0.2742616033755274,0.059523809523809534,0.07936507936507936,0.49206349206349204,0.42857142857142855
1.5,0.1,0.925,0.0,252,1.0,0.25793650793650796,0.25793650793650796,0.0,0.07936507936507936,0.49206349206349204,0.42857142857142855
1.5,0.1,0.925,0.02,252,0.9166666666666666,0.25396825396825395,0.27705627705627706,0.08333333333333337,0.07936507936507936,0.49206349206349204,0.42857142857142855
1.5,0.1,0.925,0.05,252,0.876984126984127,0.25396825396825395,0.2895927601809955,0.12301587301587302,0.07936507936507936,0.49206349206349204,0.42857142857142855
1.5,0.1,0.925,0.1,252,0.8214285714285714,0.25396825396825395,0.30917874396135264,0.1785714285714286,0.07936507936507936,0.49206349206349204,0.42857142857142855
1.5,0.1,0.95,0.0,252,1.0,0.25793650793650796,0.25793650793650796,0.0,0.07936507936507936,0.49206349206349204,0.42857142857142855
1.5,0.1,0.95,0.02,252,0.8571428571428571,0.25,0.2916666666666667,0.1428571428571429,0.07936507936507936,0.49206349206349204,0.42857142857142855
1.5,0.1,0.95,0.05,252,0.7579365079365079,0.25,0.3298429319371728,0.2420634920634921,0.07936507936507936,0.49206349206349204,0.42857142857142855
1.5,0.1,0.95,0.1,252,0.6547619047619048,0.24603174603174602,0.37575757575757573,0.34523809523809523,0.07936507936507936,0.49206349206349204,0.42857142857142855
1.5,0.15,0.0,0.0,252,1.0,0.25793650793650796,0.25793650793650796,0.0,0.0873015873015873,0.48412698412698413,0.42857142857142855
1.5,0.15,0.0,0.02,252,1.0,0.25793650793650796,0.25793650793650796,0.0,0.0873015873015873,0.48412698412698413,0.42857142857142855
1.5,0.15,0.0,0.05,252,1.0,0.25793650793650796,0.25793650793650796,0.0,0.0873015873015873,0.48412698412698413,0.42857142857142855
1.5,0.15,0.0,0.1,252,1.0,0.25793650793650796,0.25793650793650796,0.0,0.0873015873015873,0.48412698412698413,0.42857142857142855
1.5,0.15,0.9,0.0,252,1.0,0.25793650793650796,0.25793650793650796,0.0,0.0873015873015873,0.48412698412698413,0.42857142857142855
1.5,0.15,0.9,0.02,252,0.9682539682539683,0.25793650793650796,0.26639344262295084,0.031746031746031744,0.0873015873015873,0.48412698412698413,0.42857142857142855
1.5,0.15,0.9,0.05,252,0.9523809523809523,0.25793650793650796,0.2708333333333333,0.04761904761904767,0.0873015873015873,0.48412698412698413,0.42857142857142855
1.5,0.15,0.9,0.1,252,0.9404761904761905,0.25793650793650796,0.2742616033755274,0.059523809523809534,0.0873015873015873,0.48412698412698413,0.42857142857142855
1.5,0.15,0.925,0.0,252,1.0,0.25793650793650796,0.25793650793650796,0.0,0.0873015873015873,0.48412698412698413,0.42857142857142855
1.5,0.15,0.925,0.02,252,0.9166666666666666,0.25396825396825395,0.27705627705627706,0.08333333333333337,0.0873015873015873,0.48412698412698413,0.42857142857142855
1.5,0.15,0.925,0.05,252,0.876984126984127,0.25396825396825395,0.2895927601809955,0.12301587301587302,0.0873015873015873,0.48412698412698413,0.42857142857142855
1.5,0.15,0.925,0.1,252,0.8214285714285714,0.25396825396825395,0.30917874396135264,0.1785714285714286,0.0873015873015873,0.48412698412698413,0.42857142857142855
1.5,0.15,0.95,0.0,252,1.0,0.25793650793650796,0.25793650793650796,0.0,0.0873015873015873,0.48412698412698413,0.42857142857142855
1.5,0.15,0.95,0.02,252,0.8571428571428571,0.25,0.2916666666666667,0.1428571428571429,0.0873015873015873,0.48412698412698413,0.42857142857142855
1.5,0.15,0.95,0.05,252,0.7579365079365079,0.25,0.3298429319371728,0.2420634920634921,0.0873015873015873,0.48412698412698413,0.42857142857142855
1.5,0.15,0.95,0.1,252,0.6547619047619048,0.24603174603174602,0.37575757575757573,0.34523809523809523,0.0873015873015873,0.48412698412698413,0.42857142857142855
1.5,0.25,0.0,0.0,252,1.0,0.25793650793650796,0.25793650793650796,0.0,0.10317460317460317,0.46825396825396826,0.42857142857142855
1.5,0.25,0.0,0.02,252,1.0,0.25793650793650796,0.25793650793650796,0.0,0.10317460317460317,0.46825396825396826,0.42857142857142855
1.5,0.25,0.0,0.05,252,1.0,0.25793650793650796,0.25793650793650796,0.0,0.10317460317460317,0.46825396825396826,0.42857142857142855
1.5,0.25,0.0,0.1,252,1.0,0.25793650793650796,0.25793650793650796,0.0,0.10317460317460317,0.46825396825396826,0.42857142857142855
1.5,0.25,0.9,0.0,252,1.0,0.25793650793650796,0.25793650793650796,0.0,0.10317460317460317,0.46825396825396826,0.42857142857142855
1.5,0.25,0.9,0.02,252,0.9682539682539683,0.25793650793650796,0.26639344262295084,0.031746031746031744,0.10317460317460317,0.46825396825396826,0.42857142857142855
1.5,0.25,0.9,0.05,252,0.9523809523809523,0.25793650793650796,0.2708333333333333,0.04761904761904767,0.10317460317460317,0.46825396825396826,0.42857142857142855
1.5,0.25,0.9,0.1,252,0.9404761904761905,0.25793650793650796,0.2742616033755274,0.059523809523809534,0.10317460317460317,0.46825396825396826,0.42857142857142855
1.5,0.25,0.925,0.0,252,1.0,0.25793650793650796,0.25793650793650796,0.0,0.10317460317460317,0.46825396825396826,0.42857142857142855
1.5,0.25,0.925,0.02,252,0.9166666666666666,0.25396825396825395,0.27705627705627706,0.08333333333333337,0.10317460317460317,0.46825396825396826,0.42857142857142855
1.5,0.25,0.925,0.05,252,0.876984126984127,0.25396825396825395,0.2895927601809955,0.12301587301587302,0.10317460317460317,0.46825396825396826,0.42857142857142855
1.5,0.25,0.925,0.1,252,0.8214285714285714,0.25396825396825395,0.30917874396135264,0.1785714285714286,0.10317460317460317,0.46825396825396826,0.42857142857142855
1.5,0.25,0.95,0.0,252,1.0,0.25793650793650796,0.25793650793650796,0.0,0.10317460317460317,0.46825396825396826,0.42857142857142855
1.5,0.25,0.95,0.02,252,0.8571428571428571,0.25,0.2916666666666667,0.1428571428571429,0.10317460317460317,0.46825396825396826,0.42857142857142855
1.5,0.25,0.95,0.05,252,0.7579365079365079,0.25,0.3298429319371728,0.2420634920634921,0.10317460317460317,0.46825396825396826,0.42857142857142855
1.5,0.25,0.95,0.1,252,0.6547619047619048,0.24603174603174602,0.37575757575757573,0.34523809523809523,0.10317460317460317,0.46825396825396826,0.42857142857142855
1.5,1.0,0.0,0.0,252,1.0,0.25793650793650796,0.25793650793650796,0.0,0.10317460317460317,0.46825396825396826,0.42857142857142855
1.5,1.0,0.0,0.02,252,1.0,0.25793650793650796,0.25793650793650796,0.0,0.10317460317460317,0.46825396825396826,0.42857142857142855
1.5,1.0,0.0,0.05,252,1.0,0.25793650793650796,0.25793650793650796,0.0,0.10317460317460317,0.46825396825396826,0.42857142857142855
1.5,1.0,0.0,0.1,252,1.0,0.25793650793650796,0.25793650793650796,0.0,0.10317460317460317,0.46825396825396826,0.42857142857142855
1.5,1.0,0.9,0.0,252,1.0,0.25793650793650796,0.25793650793650796,0.0,0.10317460317460317,0.46825396825396826,0.42857142857142855
1.5,1.0,0.9,0.02,252,0.9682539682539683,0.25793650793650796,0.26639344262295084,0.031746031746031744,0.10317460317460317,0.46825396825396826,0.42857142857142855
1.5,1.0,0.9,0.05,252,0.9523809523809523,0.25793650793650796,0.2708333333333333,0.04761904761904767,0.10317460317460317,0.46825396825396826,0.42857142857142855
1.5,1.0,0.9,0.1,252,0.9404761904761905,0.25793650793650796,0.2742616033755274,0.059523809523809534,0.10317460317460317,0.46825396825396826,0.42857142857142855
1.5,1.0,0.925,0.0,252,1.0,0.25793650793650796,0.25793650793650796,0.0,0.10317460317460317,0.46825396825396826,0.42857142857142855
1.5,1.0,0.925,0.02,252,0.9166666666666666,0.25396825396825395,0.27705627705627706,0.08333333333333337,0.10317460317460317,0.46825396825396826,0.42857142857142855
1.5,1.0,0.925,0.05,252,0.876984126984127,0.25396825396825395,0.2895927601809955,0.12301587301587302,0.10317460317460317,0.46825396825396826,0.42857142857142855
1.5,1.0,0.925,0.1,252,0.8214285714285714,0.25396825396825395,0.30917874396135264,0.1785714285714286,0.10317460317460317,0.46825396825396826,0.42857142857142855
1.5,1.0,0.95,0.0,252,1.0,0.25793650793650796,0.25793650793650796,0.0,0.10317460317460317,0.46825396825396826,0.42857142857142855
1.5,1.0,0.95,0.02,252,0.8571428571428571,0.25,0.2916666666666667,0.1428571428571429,0.10317460317460317,0.46825396825396826,0.42857142857142855
1.5,1.0,0.95,0.05,252,0.7579365079365079,0.25,0.3298429319371728,0.2420634920634921,0.10317460317460317,0.46825396825396826,0.42857142857142855
1.5,1.0,0.95,0.1,252,0.6547619047619048,0.24603174603174602,0.37575757575757573,0.34523809523809523,0.10317460317460317,0.46825396825396826,0.42857142857142855
2.0,0.02,0.0,0.0,252,1.0,0.24603174603174602,0.24603174603174602,0.0,0.015873015873015872,0.5555555555555556,0.42857142857142855
2.0,0.02,0.0,0.02,252,1.0,0.24603174603174602,0.24603174603174602,0.0,0.015873015873015872,0.5555555555555556,0.42857142857142855
2.0,0.02,0.0,0.05,252,1.0,0.24603174603174602,0.24603174603174602,0.0,0.015873015873015872,0.5555555555555556,0.42857142857142855
2.0,0.02,0.0,0.1,252,1.0,0.24603174603174602,0.24603174603174602,0.0,0.015873015873015872,0.5555555555555556,0.42857142857142855
2.0,0.02,0.9,0.0,252,1.0,0.24603174603174602,0.24603174603174602,0.0,0.015873015873015872,0.5555555555555556,0.42857142857142855
2.0,0.02,0.9,0.02,252,0.9682539682539683,0.24603174603174602,0.2540983606557377,0.031746031746031744,0.015873015873015872,0.5555555555555556,0.42857142857142855
2.0,0.02,0.9,0.05,252,0.9484126984126984,0.24603174603174602,0.2594142259414226,0.051587301587301626,0.015873015873015872,0.5555555555555556,0.42857142857142855
2.0,0.02,0.9,0.1,252,0.9325396825396826,0.24603174603174602,0.26382978723404255,0.06746031746031744,0.015873015873015872,0.5555555555555556,0.42857142857142855
2.0,0.02,0.925,0.0,252,1.0,0.24603174603174602,0.24603174603174602,0.0,0.015873015873015872,0.5555555555555556,0.42857142857142855
2.0,0.02,0.925,0.02,252,0.9166666666666666,0.24206349206349206,0.26406926406926406,0.08333333333333337,0.015873015873015872,0.5555555555555556,0.42857142857142855
2.0,0.02,0.925,0.05,252,0.8611111111111112,0.24206349206349206,0.28110599078341014,0.13888888888888884,0.015873015873015872,0.5555555555555556,0.42857142857142855
2.0,0.02,0.925,0.1,252,0.7777777777777778,0.24206349206349206,0.3112244897959184,0.2222222222222222,0.015873015873015872,0.5555555555555556,0.42857142857142855
2.0,0.02,0.95,0.0,252,1.0,0.24603174603174602,0.24603174603174602,0.0,0.015873015873015872,0.5555555555555556,0.42857142857142855
2.0,0.02,0.95,0.02,252,0.8571428571428571,0.23809523809523808,0.2777777777777778,0.1428571428571429,0.015873015873015872,0.5555555555555556,0.42857142857142855
2.0,0.02,0.95,0.05,252,0.7420634920634921,0.23809523809523808,0.32085561497326204,0.2579365079365079,0.015873015873015872,0.5555555555555556,0.42857142857142855
2.0,0.02,0.95,0.1,252,0.5992063492063492,0.23412698412698413,0.39072847682119205,0.4007936507936508,0.015873015873015872,0.5555555555555556,0.42857142857142855
2.0,0.04,0.0,0.0,252,1.0,0.25,0.25,0.0,0.023809523809523808,0.5476190476190477,0.42857142857142855
2.0,0.04,0.0,0.02,252,1.0,0.25,0.25,0.0,0.023809523809523808,0.5476190476190477,0.42857142857142855
2.0,0.04,0.0,0.05,252,1.0,0.25,0.25,0.0,0.023809523809523808,0.5476190476190477,0.42857142857142855
2.0,0.04,0.0,0.1,252,1.0,0.25,0.25,0.0,0.023809523809523808,0.5476190476190477,0.42857142857142855
2.0,0.04,0.9,0.0,252,1.0,0.25,0.25,0.0,0.023809523809523808,0.5476190476190477,0.42857142857142855
2.0,0.04,0.9,0.02,252,0.9682539682539683,0.25,0.2581967213114754,0.031746031746031744,0.023809523809523808,0.5476190476190477,0.42857142857142855
2.0,0.04,0.9,0.05,252,0.9523809523809523,0.25,0.2625,0.04761904761904767,0.023809523809523808,0.5476190476190477,0.42857142857142855
2.0,0.04,0.9,0.1,252,0.9365079365079365,0.25,0.2669491525423729,0.06349206349206349,0.023809523809523808,0.5476190476190477,0.42857142857142855
2.0,0.04,0.925,0.0,252,1.0,0.25,0.25,0.0,0.023809523809523808,0.5476190476190477,0.42857142857142855
2.0,0.04,0.925,0.02,252,0.9166666666666666,0.24603174603174602,0.2683982683982684,0.08333333333333337,0.023809523809523808,0.5476190476190477,0.42857142857142855
2.0,0.04,0.925,0.05,252,0.8690476190476191,0.24603174603174602,0.2831050228310502,0.13095238095238093,0.023809523809523808,0.5476190476190477,0.42857142857142855
2.0,0.04,0.925,0.1,252,0.7857142857142857,0.24603174603174602,0.31313131313131315,0.2142857142857143,0.023809523809523808,0.5476190476190477,0.42857142857142855
2.0,0.04,0.95,0.0,252,1.0,0.25,0.25,0.0,0.023809523809523808,0.5476190476190477,0.42857142857142855
2.0,0.04,0.95,0.02,252,0.8571428571428571,0.24206349206349206,0.2824074074074074,0.1428571428571429,0.023809523809523808,0.5476190476190477,0.42857142857142855
2.0,0.04,0.95,0.05,252,0.75,0.24206349206349206,0.32275132275132273,0.25,0.023809523809523808,0.5476190476190477,0.42857142857142855
2.0,0.04,0.95,0.1,252,0.6071428571428571,0.23809523809523808,0.39215686274509803,0.3928571428571429,0.023809523809523808,0.5476190476190477,0.42857142857142855
2.0,0.06,0.0,0.0,252,1.0,0.25,0.25,0.0,0.03571428571428571,0.5357142857142857,0.42857142857142855
2.0,0.06,0.0,0.02,252,1.0,0.25,0.25,0.0,0.03571428571428571,0.5357142857142857,0.42857142857142855
2.0,0.06,0.0,0.05,252,1.0,0.25,0.25,0.0,0.03571428571428571,0.5357142857142857,0.42857142857142855
2.0,0.06,0.0,0.1,252,1.0,0.25,0.25,0.0,0.03571428571428571,0.5357142857142857,0.42857142857142855
2.0,0.06,0.9,0.0,252,1.0,0.25,0.25,0.0,0.03571428571428571,0.5357142857142857,0.42857142857142855
2.0,0.06,0.9,0.02,252,0.9682539682539683,0.25,0.2581967213114754,0.031746031746031744,0.03571428571428571,0.5357142857142857,0.42857142857142855
2.0,0.06,0.9,0.05,252,0.9523809523809523,0.25,0.2625,0.04761904761904767,0.03571428571428571,0.5357142857142857,0.42857142857142855
2.0,0.06,0.9,0.1,252,0.9365079365079365,0.25,0.2669491525423729,0.06349206349206349,0.03571428571428571,0.5357142857142857,0.42857142857142855
2.0,0.06,0.925,0.0,252,1.0,0.25,0.25,0.0,0.03571428571428571,0.5357142857142857,0.42857142857142855
2.0,0.06,0.925,0.02,252,0.9166666666666666,0.24603174603174602,0.2683982683982684,0.08333333333333337,0.03571428571428571,0.5357142857142857,0.42857142857142855
2.0,0.06,0.925,0.05,252,0.873015873015873,0.24603174603174602,0.2818181818181818,0.12698412698412698,0.03571428571428571,0.5357142857142857,0.42857142857142855
2.0,0.06,0.925,0.1,252,0.7896825396825397,0.24603174603174602,0.31155778894472363,0.21031746031746035,0.03571428571428571,0.5357142857142857,0.42857142857142855
2.0,0.06,0.95,0.0,252,1.0,0.25,0.25,0.0,0.03571428571428571,0.5357142857142857,0.42857142857142855
2.0,0.06,0.95,0.02,252,0.8571428571428571,0.24206349206349206,0.2824074074074074,0.1428571428571429,0.03571428571428571,0.5357142857142857,0.42857142857142855
2.0,0.06,0.95,0.05,252,0.753968253968254,0.24206349206349206,0.32105263157894737,0.24603174603174605,0.03571428571428571,0.5357142857142857,0.42857142857142855
2.0,0.06,0.95,0.1,252,0.6190476190476191,0.23809523809523808,0.38461538461538464,0.38095238095238093,0.03571428571428571,0.5357142857142857,0.42857142857142855
2.0,0.08,0.0,0.0,252,1.0,0.25793650793650796,0.25793650793650796,0.0,0.047619047619047616,0.5238095238095238,0.42857142857142855
2.0,0.08,0.0,0.02,252,1.0,0.25793650793650796,0.25793650793650796,0.0,0.047619047619047616,0.5238095238095238,0.42857142857142855
2.0,0.08,0.0,0.05,252,1.0,0.25793650793650796,0.25793650793650796,0.0,0.047619047619047616,0.5238095238095238,0.42857142857142855
2.0,0.08,0.0,0.1,252,1.0,0.25793650793650796,0.25793650793650796,0.0,0.047619047619047616,0.5238095238095238,0.42857142857142855
2.0,0.08,0.9,0.0,252,1.0,0.25793650793650796,0.25793650793650796,0.0,0.047619047619047616,0.5238095238095238,0.42857142857142855
2.0,0.08,0.9,0.02,252,0.9682539682539683,0.25793650793650796,0.26639344262295084,0.031746031746031744,0.047619047619047616,0.5238095238095238,0.42857142857142855
2.0,0.08,0.9,0.05,252,0.9523809523809523,0.25793650793650796,0.2708333333333333,0.04761904761904767,0.047619047619047616,0.5238095238095238,0.42857142857142855
2.0,0.08,0.9,0.1,252,0.9365079365079365,0.25793650793650796,0.2754237288135593,0.06349206349206349,0.047619047619047616,0.5238095238095238,0.42857142857142855
2.0,0.08,0.925,0.0,252,1.0,0.25793650793650796,0.25793650793650796,0.0,0.047619047619047616,0.5238095238095238,0.42857142857142855
2.0,0.08,0.925,0.02,252,0.9166666666666666,0.25396825396825395,0.27705627705627706,0.08333333333333337,0.047619047619047616,0.5238095238095238,0.42857142857142855
2.0,0.08,0.925,0.05,252,0.873015873015873,0.25396825396825395,0.2909090909090909,0.12698412698412698,0.047619047619047616,0.5238095238095238,0.42857142857142855
2.0,0.08,0.925,0.1,252,0.7936507936507936,0.25396825396825395,0.32,0.2063492063492064,0.047619047619047616,0.5238095238095238,0.42857142857142855
2.0,0.08,0.95,0.0,252,1.0,0.25793650793650796,0.25793650793650796,0.0,0.047619047619047616,0.5238095238095238,0.42857142857142855
2.0,0.08,0.95,0.02,252,0.8571428571428571,0.25,0.2916666666666667,0.1428571428571429,0.047619047619047616,0.5238095238095238,0.42857142857142855
2.0,0.08,0.95,0.05,252,0.753968253968254,0.25,0.33157894736842103,0.24603174603174605,0.047619047619047616,0.5238095238095238,0.42857142857142855
2.0,0.08,0.95,0.1,252,0.626984126984127,0.24603174603174602,0.3924050632911392,0.373015873015873,0.047619047619047616,0.5238095238095238,0.42857142857142855
2.0,0.1,0.0,0.0,252,1.0,0.25793650793650796,0.25793650793650796,0.0,0.06349206349206349,0.5079365079365079,0.42857142857142855
2.0,0.1,0.0,0.02,252,1.0,0.25793650793650796,0.25793650793650796,0.0,0.06349206349206349,0.5079365079365079,0.42857142857142855
2.0,0.1,0.0,0.05,252,1.0,0.25793650793650796,0.25793650793650796,0.0,0.06349206349206349,0.5079365079365079,0.42857142857142855
2.0,0.1,0.0,0.1,252,1.0,0.25793650793650796,0.25793650793650796,0.0,0.06349206349206349,0.5079365079365079,0.42857142857142855
2.0,0.1,0.9,0.0,252,1.0,0.25793650793650796,0.25793650793650796,0.0,0.06349206349206349,0.5079365079365079,0.42857142857142855
2.0,0.1,0.9,0.02,252,0.9682539682539683,0.25793650793650796,0.26639344262295084,0.031746031746031744,0.06349206349206349,0.5079365079365079,0.42857142857142855
2.0,0.1,0.9,0.05,252,0.9523809523809523,0.25793650793650796,0.2708333333333333,0.04761904761904767,0.06349206349206349,0.5079365079365079,0.42857142857142855
2.0,0.1,0.9,0.1,252,0.9404761904761905,0.25793650793650796,0.2742616033755274,0.059523809523809534,0.06349206349206349,0.5079365079365079,0.42857142857142855
2.0,0.1,0.925,0.0,252,1.0,0.25793650793650796,0.25793650793650796,0.0,0.06349206349206349,0.5079365079365079,0.42857142857142855
2.0,0.1,0.925,0.02,252,0.9166666666666666,0.25396825396825395,0.27705627705627706,0.08333333333333337,0.06349206349206349,0.5079365079365079,0.42857142857142855
2.0,0.1,0.925,0.05,252,0.873015873015873,0.25396825396825395,0.2909090909090909,0.12698412698412698,0.06349206349206349,0.5079365079365079,0.42857142857142855
2.0,0.1,0.925,0.1,252,0.8095238095238095,0.25396825396825395,0.3137254901960784,0.19047619047619047,0.06349206349206349,0.5079365079365079,0.42857142857142855
2.0,0.1,0.95,0.0,252,1.0,0.25793650793650796,0.25793650793650796,0.0,0.06349206349206349,0.5079365079365079,0.42857142857142855
2.0,0.1,0.95,0.02,252,0.8571428571428571,0.25,0.2916666666666667,0.1428571428571429,0.06349206349206349,0.5079365079365079,0.42857142857142855
2.0,0.1,0.95,0.05,252,0.753968253968254,0.25,0.33157894736842103,0.24603174603174605,0.06349206349206349,0.5079365079365079,0.42857142857142855
2.0,0.1,0.95,0.1,252,0.6428571428571429,0.24603174603174602,0.38271604938271603,0.3571428571428571,0.06349206349206349,0.5079365079365079,0.42857142857142855
2.0,0.15,0.0,0.0,252,1.0,0.25793650793650796,0.25793650793650796,0.0,0.07142857142857142,0.5,0.42857142857142855
2.0,0.15,0.0,0.02,252,1.0,0.25793650793650796,0.25793650793650796,0.0,0.07142857142857142,0.5,0.42857142857142855
2.0,0.15,0.0,0.05,252,1.0,0.25793650793650796,0.25793650793650796,0.0,0.07142857142857142,0.5,0.42857142857142855
2.0,0.15,0.0,0.1,252,1.0,0.25793650793650796,0.25793650793650796,0.0,0.07142857142857142,0.5,0.42857142857142855
2.0,0.15,0.9,0.0,252,1.0,0.25793650793650796,0.25793650793650796,0.0,0.07142857142857142,0.5,0.42857142857142855
2.0,0.15,0.9,0.02,252,0.9682539682539683,0.25793650793650796,0.26639344262295084,0.031746031746031744,0.07142857142857142,0.5,0.42857142857142855
2.0,0.15,0.9,0.05,252,0.9523809523809523,0.25793650793650796,0.2708333333333333,0.04761904761904767,0.07142857142857142,0.5,0.42857142857142855
2.0,0.15,0.9,0.1,252,0.9404761904761905,0.25793650793650796,0.2742616033755274,0.059523809523809534,0.07142857142857142,0.5,0.42857142857142855
2.0,0.15,0.925,0.0,252,1.0,0.25793650793650796,0.25793650793650796,0.0,0.07142857142857142,0.5,0.42857142857142855
2.0,0.15,0.925,0.02,252,0.9166666666666666,0.25396825396825395,0.27705627705627706,0.08333333333333337,0.07142857142857142,0.5,0.42857142857142855
2.0,0.15,0.925,0.05,252,0.873015873015873,0.25396825396825395,0.2909090909090909,0.12698412698412698,0.07142857142857142,0.5,0.42857142857142855
2.0,0.15,0.925,0.1,252,0.8095238095238095,0.25396825396825395,0.3137254901960784,0.19047619047619047,0.07142857142857142,0.5,0.42857142857142855
2.0,0.15,0.95,0.0,252,1.0,0.25793650793650796,0.25793650793650796,0.0,0.07142857142857142,0.5,0.42857142857142855
2.0,0.15,0.95,0.02,252,0.8571428571428571,0.25,0.2916666666666667,0.1428571428571429,0.07142857142857142,0.5,0.42857142857142855
2.0,0.15,0.95,0.05,252,0.753968253968254,0.25,0.33157894736842103,0.24603174603174605,0.07142857142857142,0.5,0.42857142857142855
2.0,0.15,0.95,0.1,252,0.6428571428571429,0.24603174603174602,0.38271604938271603,0.3571428571428571,0.07142857142857142,0.5,0.42857142857142855
2.0,0.25,0.0,0.0,252,1.0,0.25793650793650796,0.25793650793650796,0.0,0.0873015873015873,0.48412698412698413,0.42857142857142855
2.0,0.25,0.0,0.02,252,1.0,0.25793650793650796,0.25793650793650796,0.0,0.0873015873015873,0.48412698412698413,0.42857142857142855
2.0,0.25,0.0,0.05,252,1.0,0.25793650793650796,0.25793650793650796,0.0,0.0873015873015873,0.48412698412698413,0.42857142857142855
2.0,0.25,0.0,0.1,252,1.0,0.25793650793650796,0.25793650793650796,0.0,0.0873015873015873,0.48412698412698413,0.42857142857142855
2.0,0.25,0.9,0.0,252,1.0,0.25793650793650796,0.25793650793650796,0.0,0.0873015873015873,0.48412698412698413,0.42857142857142855
2.0,0.25,0.9,0.02,252,0.9682539682539683,0.25793650793650796,0.26639344262295084,0.031746031746031744,0.0873015873015873,0.48412698412698413,0.42857142857142855
2.0,0.25,0.9,0.05,252,0.9523809523809523,0.25793650793650796,0.2708333333333333,0.04761904761904767,0.0873015873015873,0.48412698412698413,0.42857142857142855
2.0,0.25,0.9,0.1,252,0.9404761904761905,0.25793650793650796,0.2742616033755274,0.059523809523809534,0.0873015873015873,0.48412698412698413,0.42857142857142855
2.0,0.25,0.925,0.0,252,1.0,0.25793650793650796,0.25793650793650796,0.0,0.0873015873015873,0.48412698412698413,0.42857142857142855
2.0,0.25,0.925,0.02,252,0.9166666666666666,0.25396825396825395,0.27705627705627706,0.08333333333333337,0.0873015873015873,0.48412698412698413,0.42857142857142855
2.0,0.25,0.925,0.05,252,0.873015873015873,0.25396825396825395,0.2909090909090909,0.12698412698412698,0.0873015873015873,0.48412698412698413,0.42857142857142855
2.0,0.25,0.925,0.1,252,0.8095238095238095,0.25396825396825395,0.3137254901960784,0.19047619047619047,0.0873015873015873,0.48412698412698413,0.42857142857142855
2.0,0.25,0.95,0.0,252,1.0,0.25793650793650796,0.25793650793650796,0.0,0.0873015873015873,0.48412698412698413,0.42857142857142855
2.0,0.25,0.95,0.02,252,0.8571428571428571,0.25,0.2916666666666667,0.1428571428571429,0.0873015873015873,0.48412698412698413,0.42857142857142855
2.0,0.25,0.95,0.05,252,0.753968253968254,0.25,0.33157894736842103,0.24603174603174605,0.0873015873015873,0.48412698412698413,0.42857142857142855
2.0,0.25,0.95,0.1,252,0.6428571428571429,0.24603174603174602,0.38271604938271603,0.3571428571428571,0.0873015873015873,0.48412698412698413,0.42857142857142855
2.0,1.0,0.0,0.0,252,1.0,0.25793650793650796,0.25793650793650796,0.0,0.0873015873015873,0.48412698412698413,0.42857142857142855
2.0,1.0,0.0,0.02,252,1.0,0.25793650793650796,0.25793650793650796,0.0,0.0873015873015873,0.48412698412698413,0.42857142857142855
2.0,1.0,0.0,0.05,252,1.0,0.25793650793650796,0.25793650793650796,0.0,0.0873015873015873,0.48412698412698413,0.42857142857142855
2.0,1.0,0.0,0.1,252,1.0,0.25793650793650796,0.25793650793650796,0.0,0.0873015873015873,0.48412698412698413,0.42857142857142855
2.0,1.0,0.9,0.0,252,1.0,0.25793650793650796,0.25793650793650796,0.0,0.0873015873015873,0.48412698412698413,0.42857142857142855
2.0,1.0,0.9,0.02,252,0.9682539682539683,0.25793650793650796,0.26639344262295084,0.031746031746031744,0.0873015873015873,0.48412698412698413,0.42857142857142855
2.0,1.0,0.9,0.05,252,0.9523809523809523,0.25793650793650796,0.2708333333333333,0.04761904761904767,0.0873015873015873,0.48412698412698413,0.42857142857142855
2.0,1.0,0.9,0.1,252,0.9404761904761905,0.25793650793650796,0.2742616033755274,0.059523809523809534,0.0873015873015873,0.48412698412698413,0.42857142857142855
2.0,1.0,0.925,0.0,252,1.0,0.25793650793650796,0.25793650793650796,0.0,0.0873015873015873,0.48412698412698413,0.42857142857142855
2.0,1.0,0.925,0.02,252,0.9166666666666666,0.25396825396825395,0.27705627705627706,0.08333333333333337,0.0873015873015873,0.48412698412698413,0.42857142857142855
2.0,1.0,0.925,0.05,252,0.873015873015873,0.25396825396825395,0.2909090909090909,0.12698412698412698,0.0873015873015873,0.48412698412698413,0.42857142857142855
2.0,1.0,0.925,0.1,252,0.8095238095238095,0.25396825396825395,0.3137254901960784,0.19047619047619047,0.0873015873015873,0.48412698412698413,0.42857142857142855
2.0,1.0,0.95,0.0,252,1.0,0.25793650793650796,0.25793650793650796,0.0,0.0873015873015873,0.48412698412698413,0.42857142857142855
2.0,1.0,0.95,0.02,252,0.8571428571428571,0.25,0.2916666666666667,0.1428571428571429,0.0873015873015873,0.48412698412698413,0.42857142857142855
2.0,1.0,0.95,0.05,252,0.753968253968254,0.25,0.33157894736842103,0.24603174603174605,0.0873015873015873,0.48412698412698413,0.42857142857142855
2.0,1.0,0.95,0.1,252,0.6428571428571429,0.24603174603174602,0.38271604938271603,0.3571428571428571,0.0873015873015873,0.48412698412698413,0.42857142857142855
